05/22 09:17:21 AM The args: Namespace(data_dir='../data/', model_dir='models/tinybert', teacher_model='../dynabert/SST-2', student_model='../dynabert/SST-2', task_name='SST-2', output_dir='./outputs/', learning_rate=0.0001, num_train_epochs=50.0, batch_size=32.0, seed=42, aug_train=False, pred_distill=True, intermediate_distill=True, value_distill=True, context_distill=False, att_distill=False, query_distill=True, key_distill=True, save_fp_model=True, save_quantized_model=False, weight_bits=2, embedding_bits=2, input_bits=2, clip_val=2.5, do_eval=False, omega=1, ground_truth=False, use_ggm=True, ggm_ratio=1.0, ggm_table_s0_x=1.0, ggm_table_s0_w=1.0, ggm_seed=None)
05/22 09:17:22 AM Writing example 0 of 67349
05/22 09:17:22 AM *** Example ***
05/22 09:17:22 AM guid: train-1
05/22 09:17:22 AM tokens: [CLS] hide new secret ##ions from the parental units [SEP]
05/22 09:17:22 AM input_ids: 101 5342 2047 3595 8496 2013 1996 18643 3197 102 0 0 0 0 0 0 0 0 0 0 0 0 0 0 0 0 0 0 0 0 0 0 0 0 0 0 0 0 0 0 0 0 0 0 0 0 0 0 0 0 0 0 0 0 0 0 0 0 0 0 0 0 0 0
05/22 09:17:22 AM input_mask: 1 1 1 1 1 1 1 1 1 1 0 0 0 0 0 0 0 0 0 0 0 0 0 0 0 0 0 0 0 0 0 0 0 0 0 0 0 0 0 0 0 0 0 0 0 0 0 0 0 0 0 0 0 0 0 0 0 0 0 0 0 0 0 0
05/22 09:17:22 AM segment_ids: 0 0 0 0 0 0 0 0 0 0 0 0 0 0 0 0 0 0 0 0 0 0 0 0 0 0 0 0 0 0 0 0 0 0 0 0 0 0 0 0 0 0 0 0 0 0 0 0 0 0 0 0 0 0 0 0 0 0 0 0 0 0 0 0
05/22 09:17:22 AM label: 0
05/22 09:17:22 AM label_id: 0
05/22 09:17:23 AM Writing example 10000 of 67349
05/22 09:17:24 AM Writing example 20000 of 67349
05/22 09:17:24 AM Writing example 30000 of 67349
05/22 09:17:25 AM Writing example 40000 of 67349
05/22 09:17:26 AM Writing example 50000 of 67349
05/22 09:17:27 AM Writing example 60000 of 67349
05/22 09:17:28 AM Writing example 0 of 872
05/22 09:17:28 AM *** Example ***
05/22 09:17:28 AM guid: dev-1
05/22 09:17:28 AM tokens: [CLS] it ' s a charming and often affecting journey . [SEP]
05/22 09:17:28 AM input_ids: 101 2009 1005 1055 1037 11951 1998 2411 12473 4990 1012 102 0 0 0 0 0 0 0 0 0 0 0 0 0 0 0 0 0 0 0 0 0 0 0 0 0 0 0 0 0 0 0 0 0 0 0 0 0 0 0 0 0 0 0 0 0 0 0 0 0 0 0 0
05/22 09:17:28 AM input_mask: 1 1 1 1 1 1 1 1 1 1 1 1 0 0 0 0 0 0 0 0 0 0 0 0 0 0 0 0 0 0 0 0 0 0 0 0 0 0 0 0 0 0 0 0 0 0 0 0 0 0 0 0 0 0 0 0 0 0 0 0 0 0 0 0
05/22 09:17:28 AM segment_ids: 0 0 0 0 0 0 0 0 0 0 0 0 0 0 0 0 0 0 0 0 0 0 0 0 0 0 0 0 0 0 0 0 0 0 0 0 0 0 0 0 0 0 0 0 0 0 0 0 0 0 0 0 0 0 0 0 0 0 0 0 0 0 0 0
05/22 09:17:28 AM label: 1
05/22 09:17:28 AM label_id: 1
05/22 09:17:28 AM Model config {
  "attention_probs_dropout_prob": 0.1,
  "finetuning_task": "sst-2",
  "hidden_act": "gelu",
  "hidden_dropout_prob": 0.1,
  "hidden_size": 768,
  "initializer_range": 0.02,
  "intermediate_size": 3072,
  "layer_norm_eps": 1e-12,
  "max_position_embeddings": 512,
  "num_attention_heads": 12,
  "num_hidden_layers": 12,
  "num_labels": 2,
  "output_attentions": true,
  "output_hidden_states": true,
  "output_intermediate": true,
  "output_past": true,
  "pruned_heads": {},
  "torchscript": false,
  "type_vocab_size": 2,
  "use_bfloat16": false,
  "vocab_size": 30522
}

05/22 09:17:29 AM Loading model ../dynabert/SST-2/pytorch_model.bin
./transformer/modeling.py:313: FutureWarning: You are using `torch.load` with `weights_only=False` (the current default value), which uses the default pickle module implicitly. It is possible to construct malicious pickle data which will execute arbitrary code during unpickling (See https://github.com/pytorch/pytorch/blob/main/SECURITY.md#untrusted-models for more details). In a future release, the default value for `weights_only` will be flipped to `True`. This limits the functions that could be executed during unpickling. Arbitrary objects will no longer be allowed to be loaded via this mode unless they are explicitly allowlisted by the user via `torch.serialization.add_safe_globals`. We recommend you start setting `weights_only=True` for any use case where you don't have full control of the loaded file. Please open an issue on GitHub for any issues related to this experimental feature.
  state_dict = torch.load(weights_path, map_location='cpu')
05/22 09:17:30 AM loading model...
05/22 09:17:30 AM done!
05/22 09:17:31 AM teacher_model performance = sst-2 fp32   acc:0.9323394495412844

05/22 09:17:31 AM loading configuration file ../dynabert/SST-2/config.json
05/22 09:17:31 AM Model config {
  "attention_probs_dropout_prob": 0.1,
  "clip_val": 2.5,
  "embedding_bits": 2,
  "finetuning_task": "sst-2",
  "ggm_ratio": 1.0,
  "ggm_seed": null,
  "ggm_table_s0_w": 1.0,
  "ggm_table_s0_x": 1.0,
  "hidden_act": "gelu",
  "hidden_dropout_prob": 0.1,
  "hidden_size": 768,
  "initializer_range": 0.02,
  "input_bits": 2,
  "intermediate_size": 3072,
  "layer_norm_eps": 1e-12,
  "max_position_embeddings": 512,
  "num_attention_heads": 12,
  "num_hidden_layers": 12,
  "num_labels": 2,
  "output_attentions": true,
  "output_hidden_states": true,
  "output_intermediate": true,
  "output_past": true,
  "pruned_heads": {},
  "quantize_act": true,
  "torchscript": false,
  "type_vocab_size": 2,
  "use_bfloat16": false,
  "use_ggm": true,
  "vocab_size": 30522,
  "weight_bits": 2
}

05/22 09:17:31 AM Model config {
  "attention_probs_dropout_prob": 0.1,
  "clip_val": 2.5,
  "embedding_bits": 2,
  "finetuning_task": "sst-2",
  "ggm_ratio": 1.0,
  "ggm_seed": null,
  "ggm_table_s0_w": 1.0,
  "ggm_table_s0_x": 1.0,
  "hidden_act": "gelu",
  "hidden_dropout_prob": 0.1,
  "hidden_size": 768,
  "initializer_range": 0.02,
  "input_bits": 2,
  "intermediate_size": 3072,
  "layer_norm_eps": 1e-12,
  "max_position_embeddings": 512,
  "num_attention_heads": 12,
  "num_hidden_layers": 12,
  "num_labels": 2,
  "output_attentions": true,
  "output_hidden_states": true,
  "output_intermediate": true,
  "output_past": true,
  "pruned_heads": {},
  "quantize_act": true,
  "torchscript": false,
  "type_vocab_size": 2,
  "use_bfloat16": false,
  "use_ggm": true,
  "vocab_size": 30522,
  "weight_bits": 2
}

[GGDLinear clean] Exact K/K' table bits=(2,2) s0=(1.0,1.0) Kp_min=0.495800 Kp_max=2.811712 scale_policy=learnable_mean.
[GGDLinear clean] Exact K/K' table bits=(2,2) s0=(1.0,1.0) Kp_min=0.495800 Kp_max=2.811712 scale_policy=learnable_mean.
[GGDLinear clean] Exact K/K' table bits=(2,2) s0=(1.0,1.0) Kp_min=0.495800 Kp_max=2.811712 scale_policy=learnable_mean.
[GGDLinear clean] Exact K/K' table bits=(2,2) s0=(1.0,1.0) Kp_min=0.495800 Kp_max=2.811712 scale_policy=learnable_mean.
[GGDLinear clean] Exact K/K' table bits=(2,2) s0=(1.0,1.0) Kp_min=0.495800 Kp_max=2.811712 scale_policy=learnable_mean.
[GGDLinear clean] Exact K/K' table bits=(2,2) s0=(1.0,1.0) Kp_min=0.495800 Kp_max=2.811712 scale_policy=learnable_mean.
[GGDLinear clean] Exact K/K' table bits=(2,2) s0=(1.0,1.0) Kp_min=0.495800 Kp_max=2.811712 scale_policy=learnable_mean.
[GGDLinear clean] Exact K/K' table bits=(2,2) s0=(1.0,1.0) Kp_min=0.495800 Kp_max=2.811712 scale_policy=learnable_mean.
[GGDLinear clean] Exact K/K' table bits=(2,2) s0=(1.0,1.0) Kp_min=0.495800 Kp_max=2.811712 scale_policy=learnable_mean.
[GGDLinear clean] Exact K/K' table bits=(2,2) s0=(1.0,1.0) Kp_min=0.495800 Kp_max=2.811712 scale_policy=learnable_mean.
[GGDLinear clean] Exact K/K' table bits=(2,2) s0=(1.0,1.0) Kp_min=0.495800 Kp_max=2.811712 scale_policy=learnable_mean.
[GGDLinear clean] Exact K/K' table bits=(2,2) s0=(1.0,1.0) Kp_min=0.495800 Kp_max=2.811712 scale_policy=learnable_mean.
[GGDLinear clean] Exact K/K' table bits=(2,2) s0=(1.0,1.0) Kp_min=0.495800 Kp_max=2.811712 scale_policy=learnable_mean.
[GGDLinear clean] Exact K/K' table bits=(2,2) s0=(1.0,1.0) Kp_min=0.495800 Kp_max=2.811712 scale_policy=learnable_mean.
[GGDLinear clean] Exact K/K' table bits=(2,2) s0=(1.0,1.0) Kp_min=0.495800 Kp_max=2.811712 scale_policy=learnable_mean.
[GGDLinear clean] Exact K/K' table bits=(2,2) s0=(1.0,1.0) Kp_min=0.495800 Kp_max=2.811712 scale_policy=learnable_mean.
[GGDLinear clean] Exact K/K' table bits=(2,2) s0=(1.0,1.0) Kp_min=0.495800 Kp_max=2.811712 scale_policy=learnable_mean.
[GGDLinear clean] Exact K/K' table bits=(2,2) s0=(1.0,1.0) Kp_min=0.495800 Kp_max=2.811712 scale_policy=learnable_mean.
[GGDLinear clean] Exact K/K' table bits=(2,2) s0=(1.0,1.0) Kp_min=0.495800 Kp_max=2.811712 scale_policy=learnable_mean.
[GGDLinear clean] Exact K/K' table bits=(2,2) s0=(1.0,1.0) Kp_min=0.495800 Kp_max=2.811712 scale_policy=learnable_mean.
[GGDLinear clean] Exact K/K' table bits=(2,2) s0=(1.0,1.0) Kp_min=0.495800 Kp_max=2.811712 scale_policy=learnable_mean.
[GGDLinear clean] Exact K/K' table bits=(2,2) s0=(1.0,1.0) Kp_min=0.495800 Kp_max=2.811712 scale_policy=learnable_mean.
[GGDLinear clean] Exact K/K' table bits=(2,2) s0=(1.0,1.0) Kp_min=0.495800 Kp_max=2.811712 scale_policy=learnable_mean.
[GGDLinear clean] Exact K/K' table bits=(2,2) s0=(1.0,1.0) Kp_min=0.495800 Kp_max=2.811712 scale_policy=learnable_mean.
[GGDLinear clean] Exact K/K' table bits=(2,2) s0=(1.0,1.0) Kp_min=0.495800 Kp_max=2.811712 scale_policy=learnable_mean.
[GGDLinear clean] Exact K/K' table bits=(2,2) s0=(1.0,1.0) Kp_min=0.495800 Kp_max=2.811712 scale_policy=learnable_mean.
[GGDLinear clean] Exact K/K' table bits=(2,2) s0=(1.0,1.0) Kp_min=0.495800 Kp_max=2.811712 scale_policy=learnable_mean.
[GGDLinear clean] Exact K/K' table bits=(2,2) s0=(1.0,1.0) Kp_min=0.495800 Kp_max=2.811712 scale_policy=learnable_mean.
[GGDLinear clean] Exact K/K' table bits=(2,2) s0=(1.0,1.0) Kp_min=0.495800 Kp_max=2.811712 scale_policy=learnable_mean.
[GGDLinear clean] Exact K/K' table bits=(2,2) s0=(1.0,1.0) Kp_min=0.495800 Kp_max=2.811712 scale_policy=learnable_mean.
[GGDLinear clean] Exact K/K' table bits=(2,2) s0=(1.0,1.0) Kp_min=0.495800 Kp_max=2.811712 scale_policy=learnable_mean.
[GGDLinear clean] Exact K/K' table bits=(2,2) s0=(1.0,1.0) Kp_min=0.495800 Kp_max=2.811712 scale_policy=learnable_mean.
[GGDLinear clean] Exact K/K' table bits=(2,2) s0=(1.0,1.0) Kp_min=0.495800 Kp_max=2.811712 scale_policy=learnable_mean.
[GGDLinear clean] Exact K/K' table bits=(2,2) s0=(1.0,1.0) Kp_min=0.495800 Kp_max=2.811712 scale_policy=learnable_mean.
[GGDLinear clean] Exact K/K' table bits=(2,2) s0=(1.0,1.0) Kp_min=0.495800 Kp_max=2.811712 scale_policy=learnable_mean.
[GGDLinear clean] Exact K/K' table bits=(2,2) s0=(1.0,1.0) Kp_min=0.495800 Kp_max=2.811712 scale_policy=learnable_mean.
[GGDLinear clean] Exact K/K' table bits=(2,2) s0=(1.0,1.0) Kp_min=0.495800 Kp_max=2.811712 scale_policy=learnable_mean.
[GGDLinear clean] Exact K/K' table bits=(2,2) s0=(1.0,1.0) Kp_min=0.495800 Kp_max=2.811712 scale_policy=learnable_mean.
[GGDLinear clean] Exact K/K' table bits=(2,2) s0=(1.0,1.0) Kp_min=0.495800 Kp_max=2.811712 scale_policy=learnable_mean.
[GGDLinear clean] Exact K/K' table bits=(2,2) s0=(1.0,1.0) Kp_min=0.495800 Kp_max=2.811712 scale_policy=learnable_mean.
[GGDLinear clean] Exact K/K' table bits=(2,2) s0=(1.0,1.0) Kp_min=0.495800 Kp_max=2.811712 scale_policy=learnable_mean.
[GGDLinear clean] Exact K/K' table bits=(2,2) s0=(1.0,1.0) Kp_min=0.495800 Kp_max=2.811712 scale_policy=learnable_mean.
[GGDLinear clean] Exact K/K' table bits=(2,2) s0=(1.0,1.0) Kp_min=0.495800 Kp_max=2.811712 scale_policy=learnable_mean.
[GGDLinear clean] Exact K/K' table bits=(2,2) s0=(1.0,1.0) Kp_min=0.495800 Kp_max=2.811712 scale_policy=learnable_mean.
[GGDLinear clean] Exact K/K' table bits=(2,2) s0=(1.0,1.0) Kp_min=0.495800 Kp_max=2.811712 scale_policy=learnable_mean.
[GGDLinear clean] Exact K/K' table bits=(2,2) s0=(1.0,1.0) Kp_min=0.495800 Kp_max=2.811712 scale_policy=learnable_mean.
[GGDLinear clean] Exact K/K' table bits=(2,2) s0=(1.0,1.0) Kp_min=0.495800 Kp_max=2.811712 scale_policy=learnable_mean.
[GGDLinear clean] Exact K/K' table bits=(2,2) s0=(1.0,1.0) Kp_min=0.495800 Kp_max=2.811712 scale_policy=learnable_mean.
[GGDLinear clean] Exact K/K' table bits=(2,2) s0=(1.0,1.0) Kp_min=0.495800 Kp_max=2.811712 scale_policy=learnable_mean.
[GGDLinear clean] Exact K/K' table bits=(2,2) s0=(1.0,1.0) Kp_min=0.495800 Kp_max=2.811712 scale_policy=learnable_mean.
[GGDLinear clean] Exact K/K' table bits=(2,2) s0=(1.0,1.0) Kp_min=0.495800 Kp_max=2.811712 scale_policy=learnable_mean.
[GGDLinear clean] Exact K/K' table bits=(2,2) s0=(1.0,1.0) Kp_min=0.495800 Kp_max=2.811712 scale_policy=learnable_mean.
[GGDLinear clean] Exact K/K' table bits=(2,2) s0=(1.0,1.0) Kp_min=0.495800 Kp_max=2.811712 scale_policy=learnable_mean.
[GGDLinear clean] Exact K/K' table bits=(2,2) s0=(1.0,1.0) Kp_min=0.495800 Kp_max=2.811712 scale_policy=learnable_mean.
[GGDLinear clean] Exact K/K' table bits=(2,2) s0=(1.0,1.0) Kp_min=0.495800 Kp_max=2.811712 scale_policy=learnable_mean.
[GGDLinear clean] Exact K/K' table bits=(2,2) s0=(1.0,1.0) Kp_min=0.495800 Kp_max=2.811712 scale_policy=learnable_mean.
[GGDLinear clean] Exact K/K' table bits=(2,2) s0=(1.0,1.0) Kp_min=0.495800 Kp_max=2.811712 scale_policy=learnable_mean.
[GGDLinear clean] Exact K/K' table bits=(2,2) s0=(1.0,1.0) Kp_min=0.495800 Kp_max=2.811712 scale_policy=learnable_mean.
[GGDLinear clean] Exact K/K' table bits=(2,2) s0=(1.0,1.0) Kp_min=0.495800 Kp_max=2.811712 scale_policy=learnable_mean.
[GGDLinear clean] Exact K/K' table bits=(2,2) s0=(1.0,1.0) Kp_min=0.495800 Kp_max=2.811712 scale_policy=learnable_mean.
[GGDLinear clean] Exact K/K' table bits=(2,2) s0=(1.0,1.0) Kp_min=0.495800 Kp_max=2.811712 scale_policy=learnable_mean.
[GGDLinear clean] Exact K/K' table bits=(2,2) s0=(1.0,1.0) Kp_min=0.495800 Kp_max=2.811712 scale_policy=learnable_mean.
[GGDLinear clean] Exact K/K' table bits=(2,2) s0=(1.0,1.0) Kp_min=0.495800 Kp_max=2.811712 scale_policy=learnable_mean.
[GGDLinear clean] Exact K/K' table bits=(2,2) s0=(1.0,1.0) Kp_min=0.495800 Kp_max=2.811712 scale_policy=learnable_mean.
[GGDLinear clean] Exact K/K' table bits=(2,2) s0=(1.0,1.0) Kp_min=0.495800 Kp_max=2.811712 scale_policy=learnable_mean.
[GGDLinear clean] Exact K/K' table bits=(2,2) s0=(1.0,1.0) Kp_min=0.495800 Kp_max=2.811712 scale_policy=learnable_mean.
[GGDLinear clean] Exact K/K' table bits=(2,2) s0=(1.0,1.0) Kp_min=0.495800 Kp_max=2.811712 scale_policy=learnable_mean.
[GGDLinear clean] Exact K/K' table bits=(2,2) s0=(1.0,1.0) Kp_min=0.495800 Kp_max=2.811712 scale_policy=learnable_mean.
[GGDLinear clean] Exact K/K' table bits=(2,2) s0=(1.0,1.0) Kp_min=0.495800 Kp_max=2.811712 scale_policy=learnable_mean.
[GGDLinear clean] Exact K/K' table bits=(2,2) s0=(1.0,1.0) Kp_min=0.495800 Kp_max=2.811712 scale_policy=learnable_mean.
[GGDLinear clean] Exact K/K' table bits=(2,2) s0=(1.0,1.0) Kp_min=0.495800 Kp_max=2.811712 scale_policy=learnable_mean.
[GGDLinear clean] Exact K/K' table bits=(2,2) s0=(1.0,1.0) Kp_min=0.495800 Kp_max=2.811712 scale_policy=learnable_mean.
[GGDLinear clean] Exact K/K' table bits=(2,2) s0=(1.0,1.0) Kp_min=0.495800 Kp_max=2.811712 scale_policy=learnable_mean.
05/22 09:17:40 AM Loading model ../dynabert/SST-2/pytorch_model.bin
./transformer/modeling_quant.py:364: FutureWarning: You are using `torch.load` with `weights_only=False` (the current default value), which uses the default pickle module implicitly. It is possible to construct malicious pickle data which will execute arbitrary code during unpickling (See https://github.com/pytorch/pytorch/blob/main/SECURITY.md#untrusted-models for more details). In a future release, the default value for `weights_only` will be flipped to `True`. This limits the functions that could be executed during unpickling. Arbitrary objects will no longer be allowed to be loaded via this mode unless they are explicitly allowlisted by the user via `torch.serialization.add_safe_globals`. We recommend you start setting `weights_only=True` for any use case where you don't have full control of the loaded file. Please open an issue on GitHub for any issues related to this experimental feature.
  state_dict = torch.load(weights_path, map_location='cpu')
05/22 09:17:40 AM loading model...
05/22 09:17:40 AM done!
05/22 09:17:40 AM Weights of BertForSequenceClassification not initialized from pretrained model: ['bert.embeddings.word_embeddings.weight_clip_val', 'bert.encoder.layer.0.attention.self.attn_log_scale', 'bert.encoder.layer.0.attention.self.clip_query', 'bert.encoder.layer.0.attention.self.clip_key', 'bert.encoder.layer.0.attention.self.clip_value', 'bert.encoder.layer.0.attention.self.clip_attn', 'bert.encoder.layer.0.attention.self.query.ggm.weight', 'bert.encoder.layer.0.attention.self.query.ggm.bias', 'bert.encoder.layer.0.attention.self.query.ggm.gain', 'bert.encoder.layer.0.attention.self.query.ggm.x_log_scale_mult', 'bert.encoder.layer.0.attention.self.query.ggm.w_log_scale_mult', 'bert.encoder.layer.0.attention.self.query.ggm.G', 'bert.encoder.layer.0.attention.self.query.ggm.kernel.rho_eps_log', 'bert.encoder.layer.0.attention.self.key.ggm.weight', 'bert.encoder.layer.0.attention.self.key.ggm.bias', 'bert.encoder.layer.0.attention.self.key.ggm.gain', 'bert.encoder.layer.0.attention.self.key.ggm.x_log_scale_mult', 'bert.encoder.layer.0.attention.self.key.ggm.w_log_scale_mult', 'bert.encoder.layer.0.attention.self.key.ggm.G', 'bert.encoder.layer.0.attention.self.key.ggm.kernel.rho_eps_log', 'bert.encoder.layer.0.attention.self.value.ggm.weight', 'bert.encoder.layer.0.attention.self.value.ggm.bias', 'bert.encoder.layer.0.attention.self.value.ggm.gain', 'bert.encoder.layer.0.attention.self.value.ggm.x_log_scale_mult', 'bert.encoder.layer.0.attention.self.value.ggm.w_log_scale_mult', 'bert.encoder.layer.0.attention.self.value.ggm.G', 'bert.encoder.layer.0.attention.self.value.ggm.kernel.rho_eps_log', 'bert.encoder.layer.0.attention.output.dense.ggm.weight', 'bert.encoder.layer.0.attention.output.dense.ggm.bias', 'bert.encoder.layer.0.attention.output.dense.ggm.gain', 'bert.encoder.layer.0.attention.output.dense.ggm.x_log_scale_mult', 'bert.encoder.layer.0.attention.output.dense.ggm.w_log_scale_mult', 'bert.encoder.layer.0.attention.output.dense.ggm.G', 'bert.encoder.layer.0.attention.output.dense.ggm.kernel.rho_eps_log', 'bert.encoder.layer.0.intermediate.dense.ggm.weight', 'bert.encoder.layer.0.intermediate.dense.ggm.bias', 'bert.encoder.layer.0.intermediate.dense.ggm.gain', 'bert.encoder.layer.0.intermediate.dense.ggm.x_log_scale_mult', 'bert.encoder.layer.0.intermediate.dense.ggm.w_log_scale_mult', 'bert.encoder.layer.0.intermediate.dense.ggm.G', 'bert.encoder.layer.0.intermediate.dense.ggm.kernel.rho_eps_log', 'bert.encoder.layer.0.output.gate', 'bert.encoder.layer.0.output.dense.ggm.weight', 'bert.encoder.layer.0.output.dense.ggm.bias', 'bert.encoder.layer.0.output.dense.ggm.gain', 'bert.encoder.layer.0.output.dense.ggm.x_log_scale_mult', 'bert.encoder.layer.0.output.dense.ggm.w_log_scale_mult', 'bert.encoder.layer.0.output.dense.ggm.G', 'bert.encoder.layer.0.output.dense.ggm.kernel.rho_eps_log', 'bert.encoder.layer.1.attention.self.attn_log_scale', 'bert.encoder.layer.1.attention.self.clip_query', 'bert.encoder.layer.1.attention.self.clip_key', 'bert.encoder.layer.1.attention.self.clip_value', 'bert.encoder.layer.1.attention.self.clip_attn', 'bert.encoder.layer.1.attention.self.query.ggm.weight', 'bert.encoder.layer.1.attention.self.query.ggm.bias', 'bert.encoder.layer.1.attention.self.query.ggm.gain', 'bert.encoder.layer.1.attention.self.query.ggm.x_log_scale_mult', 'bert.encoder.layer.1.attention.self.query.ggm.w_log_scale_mult', 'bert.encoder.layer.1.attention.self.query.ggm.G', 'bert.encoder.layer.1.attention.self.query.ggm.kernel.rho_eps_log', 'bert.encoder.layer.1.attention.self.key.ggm.weight', 'bert.encoder.layer.1.attention.self.key.ggm.bias', 'bert.encoder.layer.1.attention.self.key.ggm.gain', 'bert.encoder.layer.1.attention.self.key.ggm.x_log_scale_mult', 'bert.encoder.layer.1.attention.self.key.ggm.w_log_scale_mult', 'bert.encoder.layer.1.attention.self.key.ggm.G', 'bert.encoder.layer.1.attention.self.key.ggm.kernel.rho_eps_log', 'bert.encoder.layer.1.attention.self.value.ggm.weight', 'bert.encoder.layer.1.attention.self.value.ggm.bias', 'bert.encoder.layer.1.attention.self.value.ggm.gain', 'bert.encoder.layer.1.attention.self.value.ggm.x_log_scale_mult', 'bert.encoder.layer.1.attention.self.value.ggm.w_log_scale_mult', 'bert.encoder.layer.1.attention.self.value.ggm.G', 'bert.encoder.layer.1.attention.self.value.ggm.kernel.rho_eps_log', 'bert.encoder.layer.1.attention.output.dense.ggm.weight', 'bert.encoder.layer.1.attention.output.dense.ggm.bias', 'bert.encoder.layer.1.attention.output.dense.ggm.gain', 'bert.encoder.layer.1.attention.output.dense.ggm.x_log_scale_mult', 'bert.encoder.layer.1.attention.output.dense.ggm.w_log_scale_mult', 'bert.encoder.layer.1.attention.output.dense.ggm.G', 'bert.encoder.layer.1.attention.output.dense.ggm.kernel.rho_eps_log', 'bert.encoder.layer.1.intermediate.dense.ggm.weight', 'bert.encoder.layer.1.intermediate.dense.ggm.bias', 'bert.encoder.layer.1.intermediate.dense.ggm.gain', 'bert.encoder.layer.1.intermediate.dense.ggm.x_log_scale_mult', 'bert.encoder.layer.1.intermediate.dense.ggm.w_log_scale_mult', 'bert.encoder.layer.1.intermediate.dense.ggm.G', 'bert.encoder.layer.1.intermediate.dense.ggm.kernel.rho_eps_log', 'bert.encoder.layer.1.output.gate', 'bert.encoder.layer.1.output.dense.ggm.weight', 'bert.encoder.layer.1.output.dense.ggm.bias', 'bert.encoder.layer.1.output.dense.ggm.gain', 'bert.encoder.layer.1.output.dense.ggm.x_log_scale_mult', 'bert.encoder.layer.1.output.dense.ggm.w_log_scale_mult', 'bert.encoder.layer.1.output.dense.ggm.G', 'bert.encoder.layer.1.output.dense.ggm.kernel.rho_eps_log', 'bert.encoder.layer.2.attention.self.attn_log_scale', 'bert.encoder.layer.2.attention.self.clip_query', 'bert.encoder.layer.2.attention.self.clip_key', 'bert.encoder.layer.2.attention.self.clip_value', 'bert.encoder.layer.2.attention.self.clip_attn', 'bert.encoder.layer.2.attention.self.query.ggm.weight', 'bert.encoder.layer.2.attention.self.query.ggm.bias', 'bert.encoder.layer.2.attention.self.query.ggm.gain', 'bert.encoder.layer.2.attention.self.query.ggm.x_log_scale_mult', 'bert.encoder.layer.2.attention.self.query.ggm.w_log_scale_mult', 'bert.encoder.layer.2.attention.self.query.ggm.G', 'bert.encoder.layer.2.attention.self.query.ggm.kernel.rho_eps_log', 'bert.encoder.layer.2.attention.self.key.ggm.weight', 'bert.encoder.layer.2.attention.self.key.ggm.bias', 'bert.encoder.layer.2.attention.self.key.ggm.gain', 'bert.encoder.layer.2.attention.self.key.ggm.x_log_scale_mult', 'bert.encoder.layer.2.attention.self.key.ggm.w_log_scale_mult', 'bert.encoder.layer.2.attention.self.key.ggm.G', 'bert.encoder.layer.2.attention.self.key.ggm.kernel.rho_eps_log', 'bert.encoder.layer.2.attention.self.value.ggm.weight', 'bert.encoder.layer.2.attention.self.value.ggm.bias', 'bert.encoder.layer.2.attention.self.value.ggm.gain', 'bert.encoder.layer.2.attention.self.value.ggm.x_log_scale_mult', 'bert.encoder.layer.2.attention.self.value.ggm.w_log_scale_mult', 'bert.encoder.layer.2.attention.self.value.ggm.G', 'bert.encoder.layer.2.attention.self.value.ggm.kernel.rho_eps_log', 'bert.encoder.layer.2.attention.output.dense.ggm.weight', 'bert.encoder.layer.2.attention.output.dense.ggm.bias', 'bert.encoder.layer.2.attention.output.dense.ggm.gain', 'bert.encoder.layer.2.attention.output.dense.ggm.x_log_scale_mult', 'bert.encoder.layer.2.attention.output.dense.ggm.w_log_scale_mult', 'bert.encoder.layer.2.attention.output.dense.ggm.G', 'bert.encoder.layer.2.attention.output.dense.ggm.kernel.rho_eps_log', 'bert.encoder.layer.2.intermediate.dense.ggm.weight', 'bert.encoder.layer.2.intermediate.dense.ggm.bias', 'bert.encoder.layer.2.intermediate.dense.ggm.gain', 'bert.encoder.layer.2.intermediate.dense.ggm.x_log_scale_mult', 'bert.encoder.layer.2.intermediate.dense.ggm.w_log_scale_mult', 'bert.encoder.layer.2.intermediate.dense.ggm.G', 'bert.encoder.layer.2.intermediate.dense.ggm.kernel.rho_eps_log', 'bert.encoder.layer.2.output.gate', 'bert.encoder.layer.2.output.dense.ggm.weight', 'bert.encoder.layer.2.output.dense.ggm.bias', 'bert.encoder.layer.2.output.dense.ggm.gain', 'bert.encoder.layer.2.output.dense.ggm.x_log_scale_mult', 'bert.encoder.layer.2.output.dense.ggm.w_log_scale_mult', 'bert.encoder.layer.2.output.dense.ggm.G', 'bert.encoder.layer.2.output.dense.ggm.kernel.rho_eps_log', 'bert.encoder.layer.3.attention.self.attn_log_scale', 'bert.encoder.layer.3.attention.self.clip_query', 'bert.encoder.layer.3.attention.self.clip_key', 'bert.encoder.layer.3.attention.self.clip_value', 'bert.encoder.layer.3.attention.self.clip_attn', 'bert.encoder.layer.3.attention.self.query.ggm.weight', 'bert.encoder.layer.3.attention.self.query.ggm.bias', 'bert.encoder.layer.3.attention.self.query.ggm.gain', 'bert.encoder.layer.3.attention.self.query.ggm.x_log_scale_mult', 'bert.encoder.layer.3.attention.self.query.ggm.w_log_scale_mult', 'bert.encoder.layer.3.attention.self.query.ggm.G', 'bert.encoder.layer.3.attention.self.query.ggm.kernel.rho_eps_log', 'bert.encoder.layer.3.attention.self.key.ggm.weight', 'bert.encoder.layer.3.attention.self.key.ggm.bias', 'bert.encoder.layer.3.attention.self.key.ggm.gain', 'bert.encoder.layer.3.attention.self.key.ggm.x_log_scale_mult', 'bert.encoder.layer.3.attention.self.key.ggm.w_log_scale_mult', 'bert.encoder.layer.3.attention.self.key.ggm.G', 'bert.encoder.layer.3.attention.self.key.ggm.kernel.rho_eps_log', 'bert.encoder.layer.3.attention.self.value.ggm.weight', 'bert.encoder.layer.3.attention.self.value.ggm.bias', 'bert.encoder.layer.3.attention.self.value.ggm.gain', 'bert.encoder.layer.3.attention.self.value.ggm.x_log_scale_mult', 'bert.encoder.layer.3.attention.self.value.ggm.w_log_scale_mult', 'bert.encoder.layer.3.attention.self.value.ggm.G', 'bert.encoder.layer.3.attention.self.value.ggm.kernel.rho_eps_log', 'bert.encoder.layer.3.attention.output.dense.ggm.weight', 'bert.encoder.layer.3.attention.output.dense.ggm.bias', 'bert.encoder.layer.3.attention.output.dense.ggm.gain', 'bert.encoder.layer.3.attention.output.dense.ggm.x_log_scale_mult', 'bert.encoder.layer.3.attention.output.dense.ggm.w_log_scale_mult', 'bert.encoder.layer.3.attention.output.dense.ggm.G', 'bert.encoder.layer.3.attention.output.dense.ggm.kernel.rho_eps_log', 'bert.encoder.layer.3.intermediate.dense.ggm.weight', 'bert.encoder.layer.3.intermediate.dense.ggm.bias', 'bert.encoder.layer.3.intermediate.dense.ggm.gain', 'bert.encoder.layer.3.intermediate.dense.ggm.x_log_scale_mult', 'bert.encoder.layer.3.intermediate.dense.ggm.w_log_scale_mult', 'bert.encoder.layer.3.intermediate.dense.ggm.G', 'bert.encoder.layer.3.intermediate.dense.ggm.kernel.rho_eps_log', 'bert.encoder.layer.3.output.gate', 'bert.encoder.layer.3.output.dense.ggm.weight', 'bert.encoder.layer.3.output.dense.ggm.bias', 'bert.encoder.layer.3.output.dense.ggm.gain', 'bert.encoder.layer.3.output.dense.ggm.x_log_scale_mult', 'bert.encoder.layer.3.output.dense.ggm.w_log_scale_mult', 'bert.encoder.layer.3.output.dense.ggm.G', 'bert.encoder.layer.3.output.dense.ggm.kernel.rho_eps_log', 'bert.encoder.layer.4.attention.self.attn_log_scale', 'bert.encoder.layer.4.attention.self.clip_query', 'bert.encoder.layer.4.attention.self.clip_key', 'bert.encoder.layer.4.attention.self.clip_value', 'bert.encoder.layer.4.attention.self.clip_attn', 'bert.encoder.layer.4.attention.self.query.ggm.weight', 'bert.encoder.layer.4.attention.self.query.ggm.bias', 'bert.encoder.layer.4.attention.self.query.ggm.gain', 'bert.encoder.layer.4.attention.self.query.ggm.x_log_scale_mult', 'bert.encoder.layer.4.attention.self.query.ggm.w_log_scale_mult', 'bert.encoder.layer.4.attention.self.query.ggm.G', 'bert.encoder.layer.4.attention.self.query.ggm.kernel.rho_eps_log', 'bert.encoder.layer.4.attention.self.key.ggm.weight', 'bert.encoder.layer.4.attention.self.key.ggm.bias', 'bert.encoder.layer.4.attention.self.key.ggm.gain', 'bert.encoder.layer.4.attention.self.key.ggm.x_log_scale_mult', 'bert.encoder.layer.4.attention.self.key.ggm.w_log_scale_mult', 'bert.encoder.layer.4.attention.self.key.ggm.G', 'bert.encoder.layer.4.attention.self.key.ggm.kernel.rho_eps_log', 'bert.encoder.layer.4.attention.self.value.ggm.weight', 'bert.encoder.layer.4.attention.self.value.ggm.bias', 'bert.encoder.layer.4.attention.self.value.ggm.gain', 'bert.encoder.layer.4.attention.self.value.ggm.x_log_scale_mult', 'bert.encoder.layer.4.attention.self.value.ggm.w_log_scale_mult', 'bert.encoder.layer.4.attention.self.value.ggm.G', 'bert.encoder.layer.4.attention.self.value.ggm.kernel.rho_eps_log', 'bert.encoder.layer.4.attention.output.dense.ggm.weight', 'bert.encoder.layer.4.attention.output.dense.ggm.bias', 'bert.encoder.layer.4.attention.output.dense.ggm.gain', 'bert.encoder.layer.4.attention.output.dense.ggm.x_log_scale_mult', 'bert.encoder.layer.4.attention.output.dense.ggm.w_log_scale_mult', 'bert.encoder.layer.4.attention.output.dense.ggm.G', 'bert.encoder.layer.4.attention.output.dense.ggm.kernel.rho_eps_log', 'bert.encoder.layer.4.intermediate.dense.ggm.weight', 'bert.encoder.layer.4.intermediate.dense.ggm.bias', 'bert.encoder.layer.4.intermediate.dense.ggm.gain', 'bert.encoder.layer.4.intermediate.dense.ggm.x_log_scale_mult', 'bert.encoder.layer.4.intermediate.dense.ggm.w_log_scale_mult', 'bert.encoder.layer.4.intermediate.dense.ggm.G', 'bert.encoder.layer.4.intermediate.dense.ggm.kernel.rho_eps_log', 'bert.encoder.layer.4.output.gate', 'bert.encoder.layer.4.output.dense.ggm.weight', 'bert.encoder.layer.4.output.dense.ggm.bias', 'bert.encoder.layer.4.output.dense.ggm.gain', 'bert.encoder.layer.4.output.dense.ggm.x_log_scale_mult', 'bert.encoder.layer.4.output.dense.ggm.w_log_scale_mult', 'bert.encoder.layer.4.output.dense.ggm.G', 'bert.encoder.layer.4.output.dense.ggm.kernel.rho_eps_log', 'bert.encoder.layer.5.attention.self.attn_log_scale', 'bert.encoder.layer.5.attention.self.clip_query', 'bert.encoder.layer.5.attention.self.clip_key', 'bert.encoder.layer.5.attention.self.clip_value', 'bert.encoder.layer.5.attention.self.clip_attn', 'bert.encoder.layer.5.attention.self.query.ggm.weight', 'bert.encoder.layer.5.attention.self.query.ggm.bias', 'bert.encoder.layer.5.attention.self.query.ggm.gain', 'bert.encoder.layer.5.attention.self.query.ggm.x_log_scale_mult', 'bert.encoder.layer.5.attention.self.query.ggm.w_log_scale_mult', 'bert.encoder.layer.5.attention.self.query.ggm.G', 'bert.encoder.layer.5.attention.self.query.ggm.kernel.rho_eps_log', 'bert.encoder.layer.5.attention.self.key.ggm.weight', 'bert.encoder.layer.5.attention.self.key.ggm.bias', 'bert.encoder.layer.5.attention.self.key.ggm.gain', 'bert.encoder.layer.5.attention.self.key.ggm.x_log_scale_mult', 'bert.encoder.layer.5.attention.self.key.ggm.w_log_scale_mult', 'bert.encoder.layer.5.attention.self.key.ggm.G', 'bert.encoder.layer.5.attention.self.key.ggm.kernel.rho_eps_log', 'bert.encoder.layer.5.attention.self.value.ggm.weight', 'bert.encoder.layer.5.attention.self.value.ggm.bias', 'bert.encoder.layer.5.attention.self.value.ggm.gain', 'bert.encoder.layer.5.attention.self.value.ggm.x_log_scale_mult', 'bert.encoder.layer.5.attention.self.value.ggm.w_log_scale_mult', 'bert.encoder.layer.5.attention.self.value.ggm.G', 'bert.encoder.layer.5.attention.self.value.ggm.kernel.rho_eps_log', 'bert.encoder.layer.5.attention.output.dense.ggm.weight', 'bert.encoder.layer.5.attention.output.dense.ggm.bias', 'bert.encoder.layer.5.attention.output.dense.ggm.gain', 'bert.encoder.layer.5.attention.output.dense.ggm.x_log_scale_mult', 'bert.encoder.layer.5.attention.output.dense.ggm.w_log_scale_mult', 'bert.encoder.layer.5.attention.output.dense.ggm.G', 'bert.encoder.layer.5.attention.output.dense.ggm.kernel.rho_eps_log', 'bert.encoder.layer.5.intermediate.dense.ggm.weight', 'bert.encoder.layer.5.intermediate.dense.ggm.bias', 'bert.encoder.layer.5.intermediate.dense.ggm.gain', 'bert.encoder.layer.5.intermediate.dense.ggm.x_log_scale_mult', 'bert.encoder.layer.5.intermediate.dense.ggm.w_log_scale_mult', 'bert.encoder.layer.5.intermediate.dense.ggm.G', 'bert.encoder.layer.5.intermediate.dense.ggm.kernel.rho_eps_log', 'bert.encoder.layer.5.output.gate', 'bert.encoder.layer.5.output.dense.ggm.weight', 'bert.encoder.layer.5.output.dense.ggm.bias', 'bert.encoder.layer.5.output.dense.ggm.gain', 'bert.encoder.layer.5.output.dense.ggm.x_log_scale_mult', 'bert.encoder.layer.5.output.dense.ggm.w_log_scale_mult', 'bert.encoder.layer.5.output.dense.ggm.G', 'bert.encoder.layer.5.output.dense.ggm.kernel.rho_eps_log', 'bert.encoder.layer.6.attention.self.attn_log_scale', 'bert.encoder.layer.6.attention.self.clip_query', 'bert.encoder.layer.6.attention.self.clip_key', 'bert.encoder.layer.6.attention.self.clip_value', 'bert.encoder.layer.6.attention.self.clip_attn', 'bert.encoder.layer.6.attention.self.query.ggm.weight', 'bert.encoder.layer.6.attention.self.query.ggm.bias', 'bert.encoder.layer.6.attention.self.query.ggm.gain', 'bert.encoder.layer.6.attention.self.query.ggm.x_log_scale_mult', 'bert.encoder.layer.6.attention.self.query.ggm.w_log_scale_mult', 'bert.encoder.layer.6.attention.self.query.ggm.G', 'bert.encoder.layer.6.attention.self.query.ggm.kernel.rho_eps_log', 'bert.encoder.layer.6.attention.self.key.ggm.weight', 'bert.encoder.layer.6.attention.self.key.ggm.bias', 'bert.encoder.layer.6.attention.self.key.ggm.gain', 'bert.encoder.layer.6.attention.self.key.ggm.x_log_scale_mult', 'bert.encoder.layer.6.attention.self.key.ggm.w_log_scale_mult', 'bert.encoder.layer.6.attention.self.key.ggm.G', 'bert.encoder.layer.6.attention.self.key.ggm.kernel.rho_eps_log', 'bert.encoder.layer.6.attention.self.value.ggm.weight', 'bert.encoder.layer.6.attention.self.value.ggm.bias', 'bert.encoder.layer.6.attention.self.value.ggm.gain', 'bert.encoder.layer.6.attention.self.value.ggm.x_log_scale_mult', 'bert.encoder.layer.6.attention.self.value.ggm.w_log_scale_mult', 'bert.encoder.layer.6.attention.self.value.ggm.G', 'bert.encoder.layer.6.attention.self.value.ggm.kernel.rho_eps_log', 'bert.encoder.layer.6.attention.output.dense.ggm.weight', 'bert.encoder.layer.6.attention.output.dense.ggm.bias', 'bert.encoder.layer.6.attention.output.dense.ggm.gain', 'bert.encoder.layer.6.attention.output.dense.ggm.x_log_scale_mult', 'bert.encoder.layer.6.attention.output.dense.ggm.w_log_scale_mult', 'bert.encoder.layer.6.attention.output.dense.ggm.G', 'bert.encoder.layer.6.attention.output.dense.ggm.kernel.rho_eps_log', 'bert.encoder.layer.6.intermediate.dense.ggm.weight', 'bert.encoder.layer.6.intermediate.dense.ggm.bias', 'bert.encoder.layer.6.intermediate.dense.ggm.gain', 'bert.encoder.layer.6.intermediate.dense.ggm.x_log_scale_mult', 'bert.encoder.layer.6.intermediate.dense.ggm.w_log_scale_mult', 'bert.encoder.layer.6.intermediate.dense.ggm.G', 'bert.encoder.layer.6.intermediate.dense.ggm.kernel.rho_eps_log', 'bert.encoder.layer.6.output.gate', 'bert.encoder.layer.6.output.dense.ggm.weight', 'bert.encoder.layer.6.output.dense.ggm.bias', 'bert.encoder.layer.6.output.dense.ggm.gain', 'bert.encoder.layer.6.output.dense.ggm.x_log_scale_mult', 'bert.encoder.layer.6.output.dense.ggm.w_log_scale_mult', 'bert.encoder.layer.6.output.dense.ggm.G', 'bert.encoder.layer.6.output.dense.ggm.kernel.rho_eps_log', 'bert.encoder.layer.7.attention.self.attn_log_scale', 'bert.encoder.layer.7.attention.self.clip_query', 'bert.encoder.layer.7.attention.self.clip_key', 'bert.encoder.layer.7.attention.self.clip_value', 'bert.encoder.layer.7.attention.self.clip_attn', 'bert.encoder.layer.7.attention.self.query.ggm.weight', 'bert.encoder.layer.7.attention.self.query.ggm.bias', 'bert.encoder.layer.7.attention.self.query.ggm.gain', 'bert.encoder.layer.7.attention.self.query.ggm.x_log_scale_mult', 'bert.encoder.layer.7.attention.self.query.ggm.w_log_scale_mult', 'bert.encoder.layer.7.attention.self.query.ggm.G', 'bert.encoder.layer.7.attention.self.query.ggm.kernel.rho_eps_log', 'bert.encoder.layer.7.attention.self.key.ggm.weight', 'bert.encoder.layer.7.attention.self.key.ggm.bias', 'bert.encoder.layer.7.attention.self.key.ggm.gain', 'bert.encoder.layer.7.attention.self.key.ggm.x_log_scale_mult', 'bert.encoder.layer.7.attention.self.key.ggm.w_log_scale_mult', 'bert.encoder.layer.7.attention.self.key.ggm.G', 'bert.encoder.layer.7.attention.self.key.ggm.kernel.rho_eps_log', 'bert.encoder.layer.7.attention.self.value.ggm.weight', 'bert.encoder.layer.7.attention.self.value.ggm.bias', 'bert.encoder.layer.7.attention.self.value.ggm.gain', 'bert.encoder.layer.7.attention.self.value.ggm.x_log_scale_mult', 'bert.encoder.layer.7.attention.self.value.ggm.w_log_scale_mult', 'bert.encoder.layer.7.attention.self.value.ggm.G', 'bert.encoder.layer.7.attention.self.value.ggm.kernel.rho_eps_log', 'bert.encoder.layer.7.attention.output.dense.ggm.weight', 'bert.encoder.layer.7.attention.output.dense.ggm.bias', 'bert.encoder.layer.7.attention.output.dense.ggm.gain', 'bert.encoder.layer.7.attention.output.dense.ggm.x_log_scale_mult', 'bert.encoder.layer.7.attention.output.dense.ggm.w_log_scale_mult', 'bert.encoder.layer.7.attention.output.dense.ggm.G', 'bert.encoder.layer.7.attention.output.dense.ggm.kernel.rho_eps_log', 'bert.encoder.layer.7.intermediate.dense.ggm.weight', 'bert.encoder.layer.7.intermediate.dense.ggm.bias', 'bert.encoder.layer.7.intermediate.dense.ggm.gain', 'bert.encoder.layer.7.intermediate.dense.ggm.x_log_scale_mult', 'bert.encoder.layer.7.intermediate.dense.ggm.w_log_scale_mult', 'bert.encoder.layer.7.intermediate.dense.ggm.G', 'bert.encoder.layer.7.intermediate.dense.ggm.kernel.rho_eps_log', 'bert.encoder.layer.7.output.gate', 'bert.encoder.layer.7.output.dense.ggm.weight', 'bert.encoder.layer.7.output.dense.ggm.bias', 'bert.encoder.layer.7.output.dense.ggm.gain', 'bert.encoder.layer.7.output.dense.ggm.x_log_scale_mult', 'bert.encoder.layer.7.output.dense.ggm.w_log_scale_mult', 'bert.encoder.layer.7.output.dense.ggm.G', 'bert.encoder.layer.7.output.dense.ggm.kernel.rho_eps_log', 'bert.encoder.layer.8.attention.self.attn_log_scale', 'bert.encoder.layer.8.attention.self.clip_query', 'bert.encoder.layer.8.attention.self.clip_key', 'bert.encoder.layer.8.attention.self.clip_value', 'bert.encoder.layer.8.attention.self.clip_attn', 'bert.encoder.layer.8.attention.self.query.ggm.weight', 'bert.encoder.layer.8.attention.self.query.ggm.bias', 'bert.encoder.layer.8.attention.self.query.ggm.gain', 'bert.encoder.layer.8.attention.self.query.ggm.x_log_scale_mult', 'bert.encoder.layer.8.attention.self.query.ggm.w_log_scale_mult', 'bert.encoder.layer.8.attention.self.query.ggm.G', 'bert.encoder.layer.8.attention.self.query.ggm.kernel.rho_eps_log', 'bert.encoder.layer.8.attention.self.key.ggm.weight', 'bert.encoder.layer.8.attention.self.key.ggm.bias', 'bert.encoder.layer.8.attention.self.key.ggm.gain', 'bert.encoder.layer.8.attention.self.key.ggm.x_log_scale_mult', 'bert.encoder.layer.8.attention.self.key.ggm.w_log_scale_mult', 'bert.encoder.layer.8.attention.self.key.ggm.G', 'bert.encoder.layer.8.attention.self.key.ggm.kernel.rho_eps_log', 'bert.encoder.layer.8.attention.self.value.ggm.weight', 'bert.encoder.layer.8.attention.self.value.ggm.bias', 'bert.encoder.layer.8.attention.self.value.ggm.gain', 'bert.encoder.layer.8.attention.self.value.ggm.x_log_scale_mult', 'bert.encoder.layer.8.attention.self.value.ggm.w_log_scale_mult', 'bert.encoder.layer.8.attention.self.value.ggm.G', 'bert.encoder.layer.8.attention.self.value.ggm.kernel.rho_eps_log', 'bert.encoder.layer.8.attention.output.dense.ggm.weight', 'bert.encoder.layer.8.attention.output.dense.ggm.bias', 'bert.encoder.layer.8.attention.output.dense.ggm.gain', 'bert.encoder.layer.8.attention.output.dense.ggm.x_log_scale_mult', 'bert.encoder.layer.8.attention.output.dense.ggm.w_log_scale_mult', 'bert.encoder.layer.8.attention.output.dense.ggm.G', 'bert.encoder.layer.8.attention.output.dense.ggm.kernel.rho_eps_log', 'bert.encoder.layer.8.intermediate.dense.ggm.weight', 'bert.encoder.layer.8.intermediate.dense.ggm.bias', 'bert.encoder.layer.8.intermediate.dense.ggm.gain', 'bert.encoder.layer.8.intermediate.dense.ggm.x_log_scale_mult', 'bert.encoder.layer.8.intermediate.dense.ggm.w_log_scale_mult', 'bert.encoder.layer.8.intermediate.dense.ggm.G', 'bert.encoder.layer.8.intermediate.dense.ggm.kernel.rho_eps_log', 'bert.encoder.layer.8.output.gate', 'bert.encoder.layer.8.output.dense.ggm.weight', 'bert.encoder.layer.8.output.dense.ggm.bias', 'bert.encoder.layer.8.output.dense.ggm.gain', 'bert.encoder.layer.8.output.dense.ggm.x_log_scale_mult', 'bert.encoder.layer.8.output.dense.ggm.w_log_scale_mult', 'bert.encoder.layer.8.output.dense.ggm.G', 'bert.encoder.layer.8.output.dense.ggm.kernel.rho_eps_log', 'bert.encoder.layer.9.attention.self.attn_log_scale', 'bert.encoder.layer.9.attention.self.clip_query', 'bert.encoder.layer.9.attention.self.clip_key', 'bert.encoder.layer.9.attention.self.clip_value', 'bert.encoder.layer.9.attention.self.clip_attn', 'bert.encoder.layer.9.attention.self.query.ggm.weight', 'bert.encoder.layer.9.attention.self.query.ggm.bias', 'bert.encoder.layer.9.attention.self.query.ggm.gain', 'bert.encoder.layer.9.attention.self.query.ggm.x_log_scale_mult', 'bert.encoder.layer.9.attention.self.query.ggm.w_log_scale_mult', 'bert.encoder.layer.9.attention.self.query.ggm.G', 'bert.encoder.layer.9.attention.self.query.ggm.kernel.rho_eps_log', 'bert.encoder.layer.9.attention.self.key.ggm.weight', 'bert.encoder.layer.9.attention.self.key.ggm.bias', 'bert.encoder.layer.9.attention.self.key.ggm.gain', 'bert.encoder.layer.9.attention.self.key.ggm.x_log_scale_mult', 'bert.encoder.layer.9.attention.self.key.ggm.w_log_scale_mult', 'bert.encoder.layer.9.attention.self.key.ggm.G', 'bert.encoder.layer.9.attention.self.key.ggm.kernel.rho_eps_log', 'bert.encoder.layer.9.attention.self.value.ggm.weight', 'bert.encoder.layer.9.attention.self.value.ggm.bias', 'bert.encoder.layer.9.attention.self.value.ggm.gain', 'bert.encoder.layer.9.attention.self.value.ggm.x_log_scale_mult', 'bert.encoder.layer.9.attention.self.value.ggm.w_log_scale_mult', 'bert.encoder.layer.9.attention.self.value.ggm.G', 'bert.encoder.layer.9.attention.self.value.ggm.kernel.rho_eps_log', 'bert.encoder.layer.9.attention.output.dense.ggm.weight', 'bert.encoder.layer.9.attention.output.dense.ggm.bias', 'bert.encoder.layer.9.attention.output.dense.ggm.gain', 'bert.encoder.layer.9.attention.output.dense.ggm.x_log_scale_mult', 'bert.encoder.layer.9.attention.output.dense.ggm.w_log_scale_mult', 'bert.encoder.layer.9.attention.output.dense.ggm.G', 'bert.encoder.layer.9.attention.output.dense.ggm.kernel.rho_eps_log', 'bert.encoder.layer.9.intermediate.dense.ggm.weight', 'bert.encoder.layer.9.intermediate.dense.ggm.bias', 'bert.encoder.layer.9.intermediate.dense.ggm.gain', 'bert.encoder.layer.9.intermediate.dense.ggm.x_log_scale_mult', 'bert.encoder.layer.9.intermediate.dense.ggm.w_log_scale_mult', 'bert.encoder.layer.9.intermediate.dense.ggm.G', 'bert.encoder.layer.9.intermediate.dense.ggm.kernel.rho_eps_log', 'bert.encoder.layer.9.output.gate', 'bert.encoder.layer.9.output.dense.ggm.weight', 'bert.encoder.layer.9.output.dense.ggm.bias', 'bert.encoder.layer.9.output.dense.ggm.gain', 'bert.encoder.layer.9.output.dense.ggm.x_log_scale_mult', 'bert.encoder.layer.9.output.dense.ggm.w_log_scale_mult', 'bert.encoder.layer.9.output.dense.ggm.G', 'bert.encoder.layer.9.output.dense.ggm.kernel.rho_eps_log', 'bert.encoder.layer.10.attention.self.attn_log_scale', 'bert.encoder.layer.10.attention.self.clip_query', 'bert.encoder.layer.10.attention.self.clip_key', 'bert.encoder.layer.10.attention.self.clip_value', 'bert.encoder.layer.10.attention.self.clip_attn', 'bert.encoder.layer.10.attention.self.query.ggm.weight', 'bert.encoder.layer.10.attention.self.query.ggm.bias', 'bert.encoder.layer.10.attention.self.query.ggm.gain', 'bert.encoder.layer.10.attention.self.query.ggm.x_log_scale_mult', 'bert.encoder.layer.10.attention.self.query.ggm.w_log_scale_mult', 'bert.encoder.layer.10.attention.self.query.ggm.G', 'bert.encoder.layer.10.attention.self.query.ggm.kernel.rho_eps_log', 'bert.encoder.layer.10.attention.self.key.ggm.weight', 'bert.encoder.layer.10.attention.self.key.ggm.bias', 'bert.encoder.layer.10.attention.self.key.ggm.gain', 'bert.encoder.layer.10.attention.self.key.ggm.x_log_scale_mult', 'bert.encoder.layer.10.attention.self.key.ggm.w_log_scale_mult', 'bert.encoder.layer.10.attention.self.key.ggm.G', 'bert.encoder.layer.10.attention.self.key.ggm.kernel.rho_eps_log', 'bert.encoder.layer.10.attention.self.value.ggm.weight', 'bert.encoder.layer.10.attention.self.value.ggm.bias', 'bert.encoder.layer.10.attention.self.value.ggm.gain', 'bert.encoder.layer.10.attention.self.value.ggm.x_log_scale_mult', 'bert.encoder.layer.10.attention.self.value.ggm.w_log_scale_mult', 'bert.encoder.layer.10.attention.self.value.ggm.G', 'bert.encoder.layer.10.attention.self.value.ggm.kernel.rho_eps_log', 'bert.encoder.layer.10.attention.output.dense.ggm.weight', 'bert.encoder.layer.10.attention.output.dense.ggm.bias', 'bert.encoder.layer.10.attention.output.dense.ggm.gain', 'bert.encoder.layer.10.attention.output.dense.ggm.x_log_scale_mult', 'bert.encoder.layer.10.attention.output.dense.ggm.w_log_scale_mult', 'bert.encoder.layer.10.attention.output.dense.ggm.G', 'bert.encoder.layer.10.attention.output.dense.ggm.kernel.rho_eps_log', 'bert.encoder.layer.10.intermediate.dense.ggm.weight', 'bert.encoder.layer.10.intermediate.dense.ggm.bias', 'bert.encoder.layer.10.intermediate.dense.ggm.gain', 'bert.encoder.layer.10.intermediate.dense.ggm.x_log_scale_mult', 'bert.encoder.layer.10.intermediate.dense.ggm.w_log_scale_mult', 'bert.encoder.layer.10.intermediate.dense.ggm.G', 'bert.encoder.layer.10.intermediate.dense.ggm.kernel.rho_eps_log', 'bert.encoder.layer.10.output.gate', 'bert.encoder.layer.10.output.dense.ggm.weight', 'bert.encoder.layer.10.output.dense.ggm.bias', 'bert.encoder.layer.10.output.dense.ggm.gain', 'bert.encoder.layer.10.output.dense.ggm.x_log_scale_mult', 'bert.encoder.layer.10.output.dense.ggm.w_log_scale_mult', 'bert.encoder.layer.10.output.dense.ggm.G', 'bert.encoder.layer.10.output.dense.ggm.kernel.rho_eps_log', 'bert.encoder.layer.11.attention.self.attn_log_scale', 'bert.encoder.layer.11.attention.self.clip_query', 'bert.encoder.layer.11.attention.self.clip_key', 'bert.encoder.layer.11.attention.self.clip_value', 'bert.encoder.layer.11.attention.self.clip_attn', 'bert.encoder.layer.11.attention.self.query.ggm.weight', 'bert.encoder.layer.11.attention.self.query.ggm.bias', 'bert.encoder.layer.11.attention.self.query.ggm.gain', 'bert.encoder.layer.11.attention.self.query.ggm.x_log_scale_mult', 'bert.encoder.layer.11.attention.self.query.ggm.w_log_scale_mult', 'bert.encoder.layer.11.attention.self.query.ggm.G', 'bert.encoder.layer.11.attention.self.query.ggm.kernel.rho_eps_log', 'bert.encoder.layer.11.attention.self.key.ggm.weight', 'bert.encoder.layer.11.attention.self.key.ggm.bias', 'bert.encoder.layer.11.attention.self.key.ggm.gain', 'bert.encoder.layer.11.attention.self.key.ggm.x_log_scale_mult', 'bert.encoder.layer.11.attention.self.key.ggm.w_log_scale_mult', 'bert.encoder.layer.11.attention.self.key.ggm.G', 'bert.encoder.layer.11.attention.self.key.ggm.kernel.rho_eps_log', 'bert.encoder.layer.11.attention.self.value.ggm.weight', 'bert.encoder.layer.11.attention.self.value.ggm.bias', 'bert.encoder.layer.11.attention.self.value.ggm.gain', 'bert.encoder.layer.11.attention.self.value.ggm.x_log_scale_mult', 'bert.encoder.layer.11.attention.self.value.ggm.w_log_scale_mult', 'bert.encoder.layer.11.attention.self.value.ggm.G', 'bert.encoder.layer.11.attention.self.value.ggm.kernel.rho_eps_log', 'bert.encoder.layer.11.attention.output.dense.ggm.weight', 'bert.encoder.layer.11.attention.output.dense.ggm.bias', 'bert.encoder.layer.11.attention.output.dense.ggm.gain', 'bert.encoder.layer.11.attention.output.dense.ggm.x_log_scale_mult', 'bert.encoder.layer.11.attention.output.dense.ggm.w_log_scale_mult', 'bert.encoder.layer.11.attention.output.dense.ggm.G', 'bert.encoder.layer.11.attention.output.dense.ggm.kernel.rho_eps_log', 'bert.encoder.layer.11.intermediate.dense.ggm.weight', 'bert.encoder.layer.11.intermediate.dense.ggm.bias', 'bert.encoder.layer.11.intermediate.dense.ggm.gain', 'bert.encoder.layer.11.intermediate.dense.ggm.x_log_scale_mult', 'bert.encoder.layer.11.intermediate.dense.ggm.w_log_scale_mult', 'bert.encoder.layer.11.intermediate.dense.ggm.G', 'bert.encoder.layer.11.intermediate.dense.ggm.kernel.rho_eps_log', 'bert.encoder.layer.11.output.gate', 'bert.encoder.layer.11.output.dense.ggm.weight', 'bert.encoder.layer.11.output.dense.ggm.bias', 'bert.encoder.layer.11.output.dense.ggm.gain', 'bert.encoder.layer.11.output.dense.ggm.x_log_scale_mult', 'bert.encoder.layer.11.output.dense.ggm.w_log_scale_mult', 'bert.encoder.layer.11.output.dense.ggm.G', 'bert.encoder.layer.11.output.dense.ggm.kernel.rho_eps_log', 'bert.pooler.dense.ggm.weight', 'bert.pooler.dense.ggm.bias', 'bert.pooler.dense.ggm.gain', 'bert.pooler.dense.ggm.x_log_scale_mult', 'bert.pooler.dense.ggm.w_log_scale_mult', 'bert.pooler.dense.ggm.G', 'bert.pooler.dense.ggm.kernel.rho_eps_log']
05/22 09:17:40 AM ***** Running training *****
05/22 09:17:40 AM   Num examples = 67349
05/22 09:17:40 AM   Batch size = 32
05/22 09:17:40 AM   Num steps = 105200
Epoch:   0%|                                                                                                                                                                                               | 0/50 [00:00<?, ?it/s]
Iteration:   0%|                                                                                                                                                                                         | 0/2105 [00:00<?, ?it/s][A./transformer/optimization.py:275: UserWarning: This overload of add_ is deprecated:
	add_(Number alpha, Tensor other)
Consider using one of the following signatures instead:
	add_(Tensor other, *, Number alpha = 1) (Triggered internally at ../torch/csrc/utils/python_arg_parser.cpp:1581.)
  next_m.mul_(beta1).add_(1 - beta1, grad)

Iteration:   0%|                                                                                                                                                                                 | 1/2105 [00:00<27:08,  1.29it/s][A
Iteration:   0%|1                                                                                                                                                                                | 2/2105 [00:01<23:12,  1.51it/s][A
Iteration:   0%|2                                                                                                                                                                                | 3/2105 [00:01<21:54,  1.60it/s][A
Iteration:   0%|3                                                                                                                                                                                | 4/2105 [00:02<21:17,  1.64it/s][A
Iteration:   0%|4                                                                                                                                                                                | 5/2105 [00:03<20:59,  1.67it/s][A
Iteration:   0%|5                                                                                                                                                                                | 6/2105 [00:03<20:47,  1.68it/s][A
Iteration:   0%|5                                                                                                                                                                                | 7/2105 [00:04<20:38,  1.69it/s][A
Iteration:   0%|6                                                                                                                                                                                | 8/2105 [00:04<20:32,  1.70it/s][A
Iteration:   0%|7                                                                                                                                                                                | 9/2105 [00:05<20:29,  1.71it/s][A
Iteration:   0%|8                                                                                                                                                                               | 10/2105 [00:06<20:26,  1.71it/s][A
Iteration:   1%|9                                                                                                                                                                               | 11/2105 [00:06<20:24,  1.71it/s][A
Iteration:   1%|#                                                                                                                                                                               | 12/2105 [00:07<20:22,  1.71it/s][A
Iteration:   1%|#                                                                                                                                                                               | 13/2105 [00:07<20:21,  1.71it/s][A
Iteration:   1%|#1                                                                                                                                                                              | 14/2105 [00:08<20:20,  1.71it/s][A
Iteration:   1%|#2                                                                                                                                                                              | 15/2105 [00:08<20:19,  1.71it/s][A
Iteration:   1%|#3                                                                                                                                                                              | 16/2105 [00:09<20:18,  1.71it/s][A
Iteration:   1%|#4                                                                                                                                                                              | 17/2105 [00:10<20:18,  1.71it/s][A
Iteration:   1%|#5                                                                                                                                                                              | 18/2105 [00:10<20:17,  1.71it/s][A
Iteration:   1%|#5                                                                                                                                                                              | 19/2105 [00:11<20:16,  1.71it/s][A
Iteration:   1%|#6                                                                                                                                                                              | 20/2105 [00:11<20:15,  1.71it/s][A
Iteration:   1%|#7                                                                                                                                                                              | 21/2105 [00:12<20:15,  1.72it/s][A
Iteration:   1%|#8                                                                                                                                                                              | 22/2105 [00:13<20:14,  1.71it/s][A
Iteration:   1%|#9                                                                                                                                                                              | 23/2105 [00:13<20:14,  1.71it/s][A
Iteration:   1%|##                                                                                                                                                                              | 24/2105 [00:14<20:13,  1.72it/s][A
Iteration:   1%|##                                                                                                                                                                              | 25/2105 [00:14<20:12,  1.72it/s][A
Iteration:   1%|##1                                                                                                                                                                             | 26/2105 [00:15<20:11,  1.72it/s][A
Iteration:   1%|##2                                                                                                                                                                             | 27/2105 [00:15<20:12,  1.71it/s][A
Iteration:   1%|##3                                                                                                                                                                             | 28/2105 [00:16<20:11,  1.71it/s][A
Iteration:   1%|##4                                                                                                                                                                             | 29/2105 [00:17<20:11,  1.71it/s][A
Iteration:   1%|##5                                                                                                                                                                             | 30/2105 [00:17<20:10,  1.71it/s][A
Iteration:   1%|##5                                                                                                                                                                             | 31/2105 [00:18<20:10,  1.71it/s][A
Iteration:   2%|##6                                                                                                                                                                             | 32/2105 [00:18<20:09,  1.71it/s][A
Iteration:   2%|##7                                                                                                                                                                             | 33/2105 [00:19<20:09,  1.71it/s][A
Iteration:   2%|##8                                                                                                                                                                             | 34/2105 [00:20<20:09,  1.71it/s][A
Iteration:   2%|##9                                                                                                                                                                             | 35/2105 [00:20<20:08,  1.71it/s][A
Iteration:   2%|###                                                                                                                                                                             | 36/2105 [00:21<20:07,  1.71it/s][A
Iteration:   2%|###                                                                                                                                                                             | 37/2105 [00:21<20:07,  1.71it/s][A
Iteration:   2%|###1                                                                                                                                                                            | 38/2105 [00:22<20:06,  1.71it/s][A
Iteration:   2%|###2                                                                                                                                                                            | 39/2105 [00:22<20:06,  1.71it/s][A
Iteration:   2%|###3                                                                                                                                                                            | 40/2105 [00:23<20:05,  1.71it/s][A
Iteration:   2%|###4                                                                                                                                                                            | 41/2105 [00:24<20:05,  1.71it/s][A
Iteration:   2%|###5                                                                                                                                                                            | 42/2105 [00:24<20:04,  1.71it/s][A
Iteration:   2%|###5                                                                                                                                                                            | 43/2105 [00:25<20:03,  1.71it/s][A
Iteration:   2%|###6                                                                                                                                                                            | 44/2105 [00:25<20:03,  1.71it/s][A
Iteration:   2%|###7                                                                                                                                                                            | 45/2105 [00:26<20:02,  1.71it/s][A
Iteration:   2%|###8                                                                                                                                                                            | 46/2105 [00:27<20:02,  1.71it/s][A
Iteration:   2%|###9                                                                                                                                                                            | 47/2105 [00:27<20:02,  1.71it/s][A
Iteration:   2%|####                                                                                                                                                                            | 48/2105 [00:28<20:01,  1.71it/s][A
Iteration:   2%|####                                                                                                                                                                            | 49/2105 [00:28<20:01,  1.71it/s][A
Iteration:   2%|####1                                                                                                                                                                           | 50/2105 [00:29<20:00,  1.71it/s][A
Iteration:   2%|####2                                                                                                                                                                           | 51/2105 [00:29<19:59,  1.71it/s][A
Iteration:   2%|####3                                                                                                                                                                           | 52/2105 [00:30<19:59,  1.71it/s][A
Iteration:   3%|####4                                                                                                                                                                           | 53/2105 [00:31<19:59,  1.71it/s][A
Iteration:   3%|####5                                                                                                                                                                           | 54/2105 [00:31<19:58,  1.71it/s][A
Iteration:   3%|####5                                                                                                                                                                           | 55/2105 [00:32<19:57,  1.71it/s][A
Iteration:   3%|####6                                                                                                                                                                           | 56/2105 [00:32<19:56,  1.71it/s][A
Iteration:   3%|####7                                                                                                                                                                           | 57/2105 [00:33<19:56,  1.71it/s][A
Iteration:   3%|####8                                                                                                                                                                           | 58/2105 [00:34<19:55,  1.71it/s][A
Iteration:   3%|####9                                                                                                                                                                           | 59/2105 [00:34<19:54,  1.71it/s][A
Iteration:   3%|#####                                                                                                                                                                           | 60/2105 [00:35<19:54,  1.71it/s][A
Iteration:   3%|#####1                                                                                                                                                                          | 61/2105 [00:35<19:53,  1.71it/s][A
Iteration:   3%|#####1                                                                                                                                                                          | 62/2105 [00:36<19:53,  1.71it/s][A
Iteration:   3%|#####2                                                                                                                                                                          | 63/2105 [00:36<19:51,  1.71it/s][A
Iteration:   3%|#####3                                                                                                                                                                          | 64/2105 [00:37<19:51,  1.71it/s][A
Iteration:   3%|#####4                                                                                                                                                                          | 65/2105 [00:38<19:50,  1.71it/s][A
Iteration:   3%|#####5                                                                                                                                                                          | 66/2105 [00:38<19:49,  1.71it/s][A
Iteration:   3%|#####6                                                                                                                                                                          | 67/2105 [00:39<19:48,  1.71it/s][A
Iteration:   3%|#####6                                                                                                                                                                          | 68/2105 [00:39<19:47,  1.71it/s][A
Iteration:   3%|#####7                                                                                                                                                                          | 69/2105 [00:40<19:47,  1.72it/s][A
Iteration:   3%|#####8                                                                                                                                                                          | 70/2105 [00:41<19:46,  1.72it/s][A
Iteration:   3%|#####9                                                                                                                                                                          | 71/2105 [00:41<19:45,  1.72it/s][A
Iteration:   3%|######                                                                                                                                                                          | 72/2105 [00:42<19:45,  1.72it/s][A
Iteration:   3%|######1                                                                                                                                                                         | 73/2105 [00:42<19:44,  1.72it/s][A
Iteration:   4%|######1                                                                                                                                                                         | 74/2105 [00:43<19:44,  1.72it/s][A
Iteration:   4%|######2                                                                                                                                                                         | 75/2105 [00:43<19:43,  1.71it/s][A
Iteration:   4%|######3                                                                                                                                                                         | 76/2105 [00:44<19:43,  1.71it/s][A
Iteration:   4%|######4                                                                                                                                                                         | 77/2105 [00:45<19:42,  1.71it/s][A
Iteration:   4%|######5                                                                                                                                                                         | 78/2105 [00:45<19:42,  1.71it/s][A
Iteration:   4%|######6                                                                                                                                                                         | 79/2105 [00:46<19:41,  1.71it/s][A
Iteration:   4%|######6                                                                                                                                                                         | 80/2105 [00:46<19:40,  1.71it/s][A
Iteration:   4%|######7                                                                                                                                                                         | 81/2105 [00:47<19:40,  1.71it/s][A
Iteration:   4%|######8                                                                                                                                                                         | 82/2105 [00:48<19:39,  1.71it/s][A
Iteration:   4%|######9                                                                                                                                                                         | 83/2105 [00:48<19:38,  1.72it/s][A
Iteration:   4%|#######                                                                                                                                                                         | 84/2105 [00:49<19:38,  1.72it/s][A
Iteration:   4%|#######1                                                                                                                                                                        | 85/2105 [00:49<19:37,  1.72it/s][A
Iteration:   4%|#######1                                                                                                                                                                        | 86/2105 [00:50<19:37,  1.72it/s][A
Iteration:   4%|#######2                                                                                                                                                                        | 87/2105 [00:50<19:36,  1.71it/s][A
Iteration:   4%|#######3                                                                                                                                                                        | 88/2105 [00:51<19:36,  1.71it/s][A
Iteration:   4%|#######4                                                                                                                                                                        | 89/2105 [00:52<19:35,  1.71it/s][A
Iteration:   4%|#######5                                                                                                                                                                        | 90/2105 [00:52<19:35,  1.71it/s][A
Iteration:   4%|#######6                                                                                                                                                                        | 91/2105 [00:53<19:34,  1.71it/s][A
Iteration:   4%|#######6                                                                                                                                                                        | 92/2105 [00:53<19:34,  1.71it/s][A
Iteration:   4%|#######7                                                                                                                                                                        | 93/2105 [00:54<19:33,  1.71it/s][A
Iteration:   4%|#######8                                                                                                                                                                        | 94/2105 [00:55<19:33,  1.71it/s][A
Iteration:   5%|#######9                                                                                                                                                                        | 95/2105 [00:55<19:32,  1.71it/s][A
Iteration:   5%|########                                                                                                                                                                        | 96/2105 [00:56<19:32,  1.71it/s][A
Iteration:   5%|########1                                                                                                                                                                       | 97/2105 [00:56<19:31,  1.71it/s][A
Iteration:   5%|########1                                                                                                                                                                       | 98/2105 [00:57<19:31,  1.71it/s][A
Iteration:   5%|########2                                                                                                                                                                       | 99/2105 [00:57<19:31,  1.71it/s][A
Iteration:   5%|########3                                                                                                                                                                      | 100/2105 [00:58<19:30,  1.71it/s][A
Iteration:   5%|########3                                                                                                                                                                      | 101/2105 [00:59<19:30,  1.71it/s][A
Iteration:   5%|########4                                                                                                                                                                      | 102/2105 [00:59<19:30,  1.71it/s][A
Iteration:   5%|########5                                                                                                                                                                      | 103/2105 [01:00<19:29,  1.71it/s][A
Iteration:   5%|########6                                                                                                                                                                      | 104/2105 [01:00<19:28,  1.71it/s][A
Iteration:   5%|########7                                                                                                                                                                      | 105/2105 [01:01<19:27,  1.71it/s][A
Iteration:   5%|########8                                                                                                                                                                      | 106/2105 [01:02<19:27,  1.71it/s][A
Iteration:   5%|########8                                                                                                                                                                      | 107/2105 [01:02<19:27,  1.71it/s][A
Iteration:   5%|########9                                                                                                                                                                      | 108/2105 [01:03<19:26,  1.71it/s][A
Iteration:   5%|#########                                                                                                                                                                      | 109/2105 [01:03<19:25,  1.71it/s][A
Iteration:   5%|#########1                                                                                                                                                                     | 110/2105 [01:04<19:24,  1.71it/s][A
Iteration:   5%|#########2                                                                                                                                                                     | 111/2105 [01:04<19:24,  1.71it/s][A
Iteration:   5%|#########3                                                                                                                                                                     | 112/2105 [01:05<19:23,  1.71it/s][A
Iteration:   5%|#########3                                                                                                                                                                     | 113/2105 [01:06<19:23,  1.71it/s][A
Iteration:   5%|#########4                                                                                                                                                                     | 114/2105 [01:06<19:22,  1.71it/s][A
Iteration:   5%|#########5                                                                                                                                                                     | 115/2105 [01:07<19:21,  1.71it/s][A
Iteration:   6%|#########6                                                                                                                                                                     | 116/2105 [01:07<19:21,  1.71it/s][A
Iteration:   6%|#########7                                                                                                                                                                     | 117/2105 [01:08<19:20,  1.71it/s][A
Iteration:   6%|#########8                                                                                                                                                                     | 118/2105 [01:09<19:19,  1.71it/s][A
Iteration:   6%|#########8                                                                                                                                                                     | 119/2105 [01:09<19:19,  1.71it/s][A
Iteration:   6%|#########9                                                                                                                                                                     | 120/2105 [01:10<19:18,  1.71it/s][A
Iteration:   6%|##########                                                                                                                                                                     | 121/2105 [01:10<19:17,  1.71it/s][A
Iteration:   6%|##########1                                                                                                                                                                    | 122/2105 [01:11<19:17,  1.71it/s][A
Iteration:   6%|##########2                                                                                                                                                                    | 123/2105 [01:11<19:16,  1.71it/s][A
Iteration:   6%|##########3                                                                                                                                                                    | 124/2105 [01:12<19:15,  1.71it/s][A
Iteration:   6%|##########3                                                                                                                                                                    | 125/2105 [01:13<19:15,  1.71it/s][A
Iteration:   6%|##########4                                                                                                                                                                    | 126/2105 [01:13<19:15,  1.71it/s][A
Iteration:   6%|##########5                                                                                                                                                                    | 127/2105 [01:14<19:15,  1.71it/s][A
Iteration:   6%|##########6                                                                                                                                                                    | 128/2105 [01:14<19:14,  1.71it/s][A
Iteration:   6%|##########7                                                                                                                                                                    | 129/2105 [01:15<19:14,  1.71it/s][A
Iteration:   6%|##########8                                                                                                                                                                    | 130/2105 [01:16<19:13,  1.71it/s][A
Iteration:   6%|##########8                                                                                                                                                                    | 131/2105 [01:16<19:12,  1.71it/s][A
Iteration:   6%|##########9                                                                                                                                                                    | 132/2105 [01:17<19:11,  1.71it/s][A
Iteration:   6%|###########                                                                                                                                                                    | 133/2105 [01:17<19:12,  1.71it/s][A
Iteration:   6%|###########1                                                                                                                                                                   | 134/2105 [01:18<19:11,  1.71it/s][A
Iteration:   6%|###########2                                                                                                                                                                   | 135/2105 [01:18<19:09,  1.71it/s][A
Iteration:   6%|###########3                                                                                                                                                                   | 136/2105 [01:19<19:08,  1.71it/s][A
Iteration:   7%|###########3                                                                                                                                                                   | 137/2105 [01:20<19:08,  1.71it/s][A
Iteration:   7%|###########4                                                                                                                                                                   | 138/2105 [01:20<19:07,  1.71it/s][A
Iteration:   7%|###########5                                                                                                                                                                   | 139/2105 [01:21<19:07,  1.71it/s][A
Iteration:   7%|###########6                                                                                                                                                                   | 140/2105 [01:21<19:07,  1.71it/s][A
Iteration:   7%|###########7                                                                                                                                                                   | 141/2105 [01:22<19:06,  1.71it/s][A
Iteration:   7%|###########8                                                                                                                                                                   | 142/2105 [01:23<19:06,  1.71it/s][A
Iteration:   7%|###########8                                                                                                                                                                   | 143/2105 [01:23<19:05,  1.71it/s][A
Iteration:   7%|###########9                                                                                                                                                                   | 144/2105 [01:24<19:05,  1.71it/s][A
Iteration:   7%|############                                                                                                                                                                   | 145/2105 [01:24<19:04,  1.71it/s][A
Iteration:   7%|############1                                                                                                                                                                  | 146/2105 [01:25<19:04,  1.71it/s][A
Iteration:   7%|############2                                                                                                                                                                  | 147/2105 [01:25<19:03,  1.71it/s][A
Iteration:   7%|############3                                                                                                                                                                  | 148/2105 [01:26<19:02,  1.71it/s][A
Iteration:   7%|############3                                                                                                                                                                  | 149/2105 [01:27<19:02,  1.71it/s][A
Iteration:   7%|############4                                                                                                                                                                  | 150/2105 [01:27<19:01,  1.71it/s][A
Iteration:   7%|############5                                                                                                                                                                  | 151/2105 [01:28<19:01,  1.71it/s][A
Iteration:   7%|############6                                                                                                                                                                  | 152/2105 [01:28<19:00,  1.71it/s][A
Iteration:   7%|############7                                                                                                                                                                  | 153/2105 [01:29<19:00,  1.71it/s][A
Iteration:   7%|############8                                                                                                                                                                  | 154/2105 [01:30<18:59,  1.71it/s][A
Iteration:   7%|############8                                                                                                                                                                  | 155/2105 [01:30<18:59,  1.71it/s][A
Iteration:   7%|############9                                                                                                                                                                  | 156/2105 [01:31<18:58,  1.71it/s][A
Iteration:   7%|#############                                                                                                                                                                  | 157/2105 [01:31<18:58,  1.71it/s][A
Iteration:   8%|#############1                                                                                                                                                                 | 158/2105 [01:32<18:57,  1.71it/s][A
Iteration:   8%|#############2                                                                                                                                                                 | 159/2105 [01:32<18:56,  1.71it/s][A
Iteration:   8%|#############3                                                                                                                                                                 | 160/2105 [01:33<18:56,  1.71it/s][A
Iteration:   8%|#############3                                                                                                                                                                 | 161/2105 [01:34<18:55,  1.71it/s][A
Iteration:   8%|#############4                                                                                                                                                                 | 162/2105 [01:34<18:55,  1.71it/s][A
Iteration:   8%|#############5                                                                                                                                                                 | 163/2105 [01:35<18:54,  1.71it/s][A
Iteration:   8%|#############6                                                                                                                                                                 | 164/2105 [01:35<18:54,  1.71it/s][A
Iteration:   8%|#############7                                                                                                                                                                 | 165/2105 [01:36<18:53,  1.71it/s][A
Iteration:   8%|#############8                                                                                                                                                                 | 166/2105 [01:37<18:52,  1.71it/s][A
Iteration:   8%|#############8                                                                                                                                                                 | 167/2105 [01:37<18:51,  1.71it/s][A
Iteration:   8%|#############9                                                                                                                                                                 | 168/2105 [01:38<18:51,  1.71it/s][A
Iteration:   8%|##############                                                                                                                                                                 | 169/2105 [01:38<18:50,  1.71it/s][A
Iteration:   8%|##############1                                                                                                                                                                | 170/2105 [01:39<18:50,  1.71it/s][A
Iteration:   8%|##############2                                                                                                                                                                | 171/2105 [01:39<18:49,  1.71it/s][A
Iteration:   8%|##############2                                                                                                                                                                | 172/2105 [01:40<18:48,  1.71it/s][A
Iteration:   8%|##############3                                                                                                                                                                | 173/2105 [01:41<18:48,  1.71it/s][A
Iteration:   8%|##############4                                                                                                                                                                | 174/2105 [01:41<18:47,  1.71it/s][A
Iteration:   8%|##############5                                                                                                                                                                | 175/2105 [01:42<18:47,  1.71it/s][A
Iteration:   8%|##############6                                                                                                                                                                | 176/2105 [01:42<18:47,  1.71it/s][A
Iteration:   8%|##############7                                                                                                                                                                | 177/2105 [01:43<18:46,  1.71it/s][A
Iteration:   8%|##############7                                                                                                                                                                | 178/2105 [01:44<18:45,  1.71it/s][A
Iteration:   9%|##############8                                                                                                                                                                | 179/2105 [01:44<18:45,  1.71it/s][A
Iteration:   9%|##############9                                                                                                                                                                | 180/2105 [01:45<18:44,  1.71it/s][A
Iteration:   9%|###############                                                                                                                                                                | 181/2105 [01:45<18:44,  1.71it/s][A
Iteration:   9%|###############1                                                                                                                                                               | 182/2105 [01:46<18:43,  1.71it/s][A
Iteration:   9%|###############2                                                                                                                                                               | 183/2105 [01:47<18:43,  1.71it/s][A
Iteration:   9%|###############2                                                                                                                                                               | 184/2105 [01:47<18:42,  1.71it/s][A
Iteration:   9%|###############3                                                                                                                                                               | 185/2105 [01:48<18:41,  1.71it/s][A
Iteration:   9%|###############4                                                                                                                                                               | 186/2105 [01:48<18:41,  1.71it/s][A
Iteration:   9%|###############5                                                                                                                                                               | 187/2105 [01:49<18:40,  1.71it/s][A
Iteration:   9%|###############6                                                                                                                                                               | 188/2105 [01:49<18:39,  1.71it/s][A
Iteration:   9%|###############7                                                                                                                                                               | 189/2105 [01:50<18:39,  1.71it/s][A
Iteration:   9%|###############7                                                                                                                                                               | 190/2105 [01:51<18:38,  1.71it/s][A
Iteration:   9%|###############8                                                                                                                                                               | 191/2105 [01:51<18:38,  1.71it/s][A
Iteration:   9%|###############9                                                                                                                                                               | 192/2105 [01:52<18:38,  1.71it/s][A
Iteration:   9%|################                                                                                                                                                               | 193/2105 [01:52<18:37,  1.71it/s][A
Iteration:   9%|################1                                                                                                                                                              | 194/2105 [01:53<18:36,  1.71it/s][A
Iteration:   9%|################2                                                                                                                                                              | 195/2105 [01:54<18:36,  1.71it/s][A
Iteration:   9%|################2                                                                                                                                                              | 196/2105 [01:54<18:34,  1.71it/s][A
Iteration:   9%|################3                                                                                                                                                              | 197/2105 [01:55<18:34,  1.71it/s][A
Iteration:   9%|################4                                                                                                                                                              | 198/2105 [01:55<18:33,  1.71it/s][A
Iteration:   9%|################5                                                                                                                                                              | 199/2105 [01:56<18:33,  1.71it/s][A05/22 09:19:38 AM ***** Running evaluation *****
05/22 09:19:38 AM   Epoch = 0 iter 200 step, (105200.0 steps in total)
05/22 09:19:38 AM   Num examples = 872
05/22 09:19:38 AM   Batch size = 32
05/22 09:19:43 AM ***** Eval results *****
05/22 09:19:43 AM   acc = 0.5091743119266054
05/22 09:19:43 AM   cls_loss = 0.6927368891239166
05/22 09:19:43 AM   eval_loss = 0.6930030328886849
05/22 09:19:43 AM   global_step = 200
05/22 09:19:43 AM   key_loss = 6.644671144485474
05/22 09:19:43 AM   loss = 30.69106635093689
05/22 09:19:43 AM   query_loss = 5.233064363002777
05/22 09:19:43 AM   rep_loss = 10.686669702529906
05/22 09:19:43 AM   value_loss = 7.433924086093903
05/22 09:19:43 AM ***** Save full precision model *****

Iteration:  10%|################4                                                                                                                                                            | 200/2105 [02:03<1:16:41,  2.42s/it][A
Iteration:  10%|################7                                                                                                                                                              | 201/2105 [02:03<59:11,  1.87s/it][A
Iteration:  10%|################7                                                                                                                                                              | 202/2105 [02:04<46:57,  1.48s/it][A
Iteration:  10%|################8                                                                                                                                                              | 203/2105 [02:04<38:22,  1.21s/it][A
Iteration:  10%|################9                                                                                                                                                              | 204/2105 [02:05<32:23,  1.02s/it][A
Iteration:  10%|#################                                                                                                                                                              | 205/2105 [02:05<28:10,  1.12it/s][A
Iteration:  10%|#################1                                                                                                                                                             | 206/2105 [02:06<25:14,  1.25it/s][A
Iteration:  10%|#################2                                                                                                                                                             | 207/2105 [02:07<23:11,  1.36it/s][A
Iteration:  10%|#################2                                                                                                                                                             | 208/2105 [02:07<21:44,  1.45it/s][A
Iteration:  10%|#################3                                                                                                                                                             | 209/2105 [02:08<20:43,  1.52it/s][A
Iteration:  10%|#################4                                                                                                                                                             | 210/2105 [02:08<20:01,  1.58it/s][A
Iteration:  10%|#################5                                                                                                                                                             | 211/2105 [02:09<19:31,  1.62it/s][A
Iteration:  10%|#################6                                                                                                                                                             | 212/2105 [02:10<19:10,  1.65it/s][A
Iteration:  10%|#################7                                                                                                                                                             | 213/2105 [02:10<18:55,  1.67it/s][A
Iteration:  10%|#################7                                                                                                                                                             | 214/2105 [02:11<18:44,  1.68it/s][A
Iteration:  10%|#################8                                                                                                                                                             | 215/2105 [02:11<18:36,  1.69it/s][A
Iteration:  10%|#################9                                                                                                                                                             | 216/2105 [02:12<18:31,  1.70it/s][A
Iteration:  10%|##################                                                                                                                                                             | 217/2105 [02:12<18:27,  1.71it/s][A
Iteration:  10%|##################1                                                                                                                                                            | 218/2105 [02:13<18:24,  1.71it/s][A
Iteration:  10%|##################2                                                                                                                                                            | 219/2105 [02:14<18:21,  1.71it/s][A
Iteration:  10%|##################2                                                                                                                                                            | 220/2105 [02:14<18:20,  1.71it/s][A
Iteration:  10%|##################3                                                                                                                                                            | 221/2105 [02:15<18:19,  1.71it/s][A
Iteration:  11%|##################4                                                                                                                                                            | 222/2105 [02:15<18:18,  1.71it/s][A
Iteration:  11%|##################5                                                                                                                                                            | 223/2105 [02:16<18:17,  1.72it/s][A
Iteration:  11%|##################6                                                                                                                                                            | 224/2105 [02:17<18:16,  1.72it/s][A
Iteration:  11%|##################7                                                                                                                                                            | 225/2105 [02:17<18:15,  1.72it/s][A
Iteration:  11%|##################7                                                                                                                                                            | 226/2105 [02:18<18:14,  1.72it/s][A
Iteration:  11%|##################8                                                                                                                                                            | 227/2105 [02:18<18:14,  1.72it/s][A
Iteration:  11%|##################9                                                                                                                                                            | 228/2105 [02:19<18:13,  1.72it/s][A
Iteration:  11%|###################                                                                                                                                                            | 229/2105 [02:19<18:12,  1.72it/s][A
Iteration:  11%|###################1                                                                                                                                                           | 230/2105 [02:20<18:12,  1.72it/s][A
Iteration:  11%|###################2                                                                                                                                                           | 231/2105 [02:21<18:11,  1.72it/s][A
Iteration:  11%|###################2                                                                                                                                                           | 232/2105 [02:21<18:10,  1.72it/s][A
Iteration:  11%|###################3                                                                                                                                                           | 233/2105 [02:22<18:10,  1.72it/s][A
Iteration:  11%|###################4                                                                                                                                                           | 234/2105 [02:22<18:09,  1.72it/s][A
Iteration:  11%|###################5                                                                                                                                                           | 235/2105 [02:23<18:08,  1.72it/s][A
Iteration:  11%|###################6                                                                                                                                                           | 236/2105 [02:24<18:08,  1.72it/s][A
Iteration:  11%|###################7                                                                                                                                                           | 237/2105 [02:24<18:07,  1.72it/s][A
Iteration:  11%|###################7                                                                                                                                                           | 238/2105 [02:25<18:06,  1.72it/s][A
Iteration:  11%|###################8                                                                                                                                                           | 239/2105 [02:25<18:06,  1.72it/s][A
Iteration:  11%|###################9                                                                                                                                                           | 240/2105 [02:26<18:06,  1.72it/s][A
Iteration:  11%|####################                                                                                                                                                           | 241/2105 [02:26<18:05,  1.72it/s][A
Iteration:  11%|####################1                                                                                                                                                          | 242/2105 [02:27<18:04,  1.72it/s][A
Iteration:  12%|####################2                                                                                                                                                          | 243/2105 [02:28<18:03,  1.72it/s][A
Iteration:  12%|####################2                                                                                                                                                          | 244/2105 [02:28<18:02,  1.72it/s][A
Iteration:  12%|####################3                                                                                                                                                          | 245/2105 [02:29<18:02,  1.72it/s][A
Iteration:  12%|####################4                                                                                                                                                          | 246/2105 [02:29<18:01,  1.72it/s][A
Iteration:  12%|####################5                                                                                                                                                          | 247/2105 [02:30<18:01,  1.72it/s][A
Iteration:  12%|####################6                                                                                                                                                          | 248/2105 [02:30<18:01,  1.72it/s][A
Iteration:  12%|####################7                                                                                                                                                          | 249/2105 [02:31<18:00,  1.72it/s][A
Iteration:  12%|####################7                                                                                                                                                          | 250/2105 [02:32<18:00,  1.72it/s][A
Iteration:  12%|####################8                                                                                                                                                          | 251/2105 [02:32<17:59,  1.72it/s][A
Iteration:  12%|####################9                                                                                                                                                          | 252/2105 [02:33<17:59,  1.72it/s][A
Iteration:  12%|#####################                                                                                                                                                          | 253/2105 [02:33<17:58,  1.72it/s][A
Iteration:  12%|#####################1                                                                                                                                                         | 254/2105 [02:34<17:57,  1.72it/s][A
Iteration:  12%|#####################1                                                                                                                                                         | 255/2105 [02:35<17:55,  1.72it/s][A
Iteration:  12%|#####################2                                                                                                                                                         | 256/2105 [02:35<17:55,  1.72it/s][A
Iteration:  12%|#####################3                                                                                                                                                         | 257/2105 [02:36<17:55,  1.72it/s][A
Iteration:  12%|#####################4                                                                                                                                                         | 258/2105 [02:36<17:55,  1.72it/s][A
Iteration:  12%|#####################5                                                                                                                                                         | 259/2105 [02:37<17:54,  1.72it/s][A
Iteration:  12%|#####################6                                                                                                                                                         | 260/2105 [02:37<17:54,  1.72it/s][A
Iteration:  12%|#####################6                                                                                                                                                         | 261/2105 [02:38<17:54,  1.72it/s][A
Iteration:  12%|#####################7                                                                                                                                                         | 262/2105 [02:39<17:53,  1.72it/s][A
Iteration:  12%|#####################8                                                                                                                                                         | 263/2105 [02:39<17:52,  1.72it/s][A
Iteration:  13%|#####################9                                                                                                                                                         | 264/2105 [02:40<17:52,  1.72it/s][A
Iteration:  13%|######################                                                                                                                                                         | 265/2105 [02:40<17:51,  1.72it/s][A
Iteration:  13%|######################1                                                                                                                                                        | 266/2105 [02:41<17:51,  1.72it/s][A
Iteration:  13%|######################1                                                                                                                                                        | 267/2105 [02:42<17:50,  1.72it/s][A
Iteration:  13%|######################2                                                                                                                                                        | 268/2105 [02:42<17:49,  1.72it/s][A
Iteration:  13%|######################3                                                                                                                                                        | 269/2105 [02:43<17:49,  1.72it/s][A
Iteration:  13%|######################4                                                                                                                                                        | 270/2105 [02:43<17:48,  1.72it/s][A
Iteration:  13%|######################5                                                                                                                                                        | 271/2105 [02:44<17:48,  1.72it/s][A
Iteration:  13%|######################6                                                                                                                                                        | 272/2105 [02:44<17:47,  1.72it/s][A
Iteration:  13%|######################6                                                                                                                                                        | 273/2105 [02:45<17:47,  1.72it/s][A
Iteration:  13%|######################7                                                                                                                                                        | 274/2105 [02:46<17:45,  1.72it/s][A
Iteration:  13%|######################8                                                                                                                                                        | 275/2105 [02:46<17:44,  1.72it/s][A
Iteration:  13%|######################9                                                                                                                                                        | 276/2105 [02:47<17:45,  1.72it/s][A
Iteration:  13%|#######################                                                                                                                                                        | 277/2105 [02:47<17:44,  1.72it/s][A
Iteration:  13%|#######################1                                                                                                                                                       | 278/2105 [02:48<17:44,  1.72it/s][A
Iteration:  13%|#######################1                                                                                                                                                       | 279/2105 [02:49<17:43,  1.72it/s][A
Iteration:  13%|#######################2                                                                                                                                                       | 280/2105 [02:49<17:43,  1.72it/s][A
Iteration:  13%|#######################3                                                                                                                                                       | 281/2105 [02:50<17:42,  1.72it/s][A
Iteration:  13%|#######################4                                                                                                                                                       | 282/2105 [02:50<17:42,  1.72it/s][A
Iteration:  13%|#######################5                                                                                                                                                       | 283/2105 [02:51<17:41,  1.72it/s][A
Iteration:  13%|#######################6                                                                                                                                                       | 284/2105 [02:51<17:40,  1.72it/s][A
Iteration:  14%|#######################6                                                                                                                                                       | 285/2105 [02:52<17:39,  1.72it/s][A
Iteration:  14%|#######################7                                                                                                                                                       | 286/2105 [02:53<17:39,  1.72it/s][A
Iteration:  14%|#######################8                                                                                                                                                       | 287/2105 [02:53<17:38,  1.72it/s][A
Iteration:  14%|#######################9                                                                                                                                                       | 288/2105 [02:54<17:38,  1.72it/s][A
Iteration:  14%|########################                                                                                                                                                       | 289/2105 [02:54<17:38,  1.72it/s][A
Iteration:  14%|########################1                                                                                                                                                      | 290/2105 [02:55<17:37,  1.72it/s][A
Iteration:  14%|########################1                                                                                                                                                      | 291/2105 [02:56<17:36,  1.72it/s][A
Iteration:  14%|########################2                                                                                                                                                      | 292/2105 [02:56<17:35,  1.72it/s][A
Iteration:  14%|########################3                                                                                                                                                      | 293/2105 [02:57<17:35,  1.72it/s][A
Iteration:  14%|########################4                                                                                                                                                      | 294/2105 [02:57<17:34,  1.72it/s][A
Iteration:  14%|########################5                                                                                                                                                      | 295/2105 [02:58<17:34,  1.72it/s][A
Iteration:  14%|########################6                                                                                                                                                      | 296/2105 [02:58<17:33,  1.72it/s][A
Iteration:  14%|########################6                                                                                                                                                      | 297/2105 [02:59<17:33,  1.72it/s][A
Iteration:  14%|########################7                                                                                                                                                      | 298/2105 [03:00<17:32,  1.72it/s][A
Iteration:  14%|########################8                                                                                                                                                      | 299/2105 [03:00<17:32,  1.72it/s][A
Iteration:  14%|########################9                                                                                                                                                      | 300/2105 [03:01<17:30,  1.72it/s][A
Iteration:  14%|#########################                                                                                                                                                      | 301/2105 [03:01<17:30,  1.72it/s][A
Iteration:  14%|#########################1                                                                                                                                                     | 302/2105 [03:02<17:30,  1.72it/s][A
Iteration:  14%|#########################1                                                                                                                                                     | 303/2105 [03:03<17:29,  1.72it/s][A
Iteration:  14%|#########################2                                                                                                                                                     | 304/2105 [03:03<17:29,  1.72it/s][A
Iteration:  14%|#########################3                                                                                                                                                     | 305/2105 [03:04<17:28,  1.72it/s][A
Iteration:  15%|#########################4                                                                                                                                                     | 306/2105 [03:04<17:28,  1.72it/s][A
Iteration:  15%|#########################5                                                                                                                                                     | 307/2105 [03:05<17:27,  1.72it/s][A
Iteration:  15%|#########################6                                                                                                                                                     | 308/2105 [03:05<17:27,  1.72it/s][A
Iteration:  15%|#########################6                                                                                                                                                     | 309/2105 [03:06<17:26,  1.72it/s][A
Iteration:  15%|#########################7                                                                                                                                                     | 310/2105 [03:07<17:25,  1.72it/s][A
Iteration:  15%|#########################8                                                                                                                                                     | 311/2105 [03:07<17:25,  1.72it/s][A
Iteration:  15%|#########################9                                                                                                                                                     | 312/2105 [03:08<17:24,  1.72it/s][A
Iteration:  15%|##########################                                                                                                                                                     | 313/2105 [03:08<17:23,  1.72it/s][A
Iteration:  15%|##########################1                                                                                                                                                    | 314/2105 [03:09<17:23,  1.72it/s][A
Iteration:  15%|##########################1                                                                                                                                                    | 315/2105 [03:10<17:22,  1.72it/s][A
Iteration:  15%|##########################2                                                                                                                                                    | 316/2105 [03:10<17:21,  1.72it/s][A
Iteration:  15%|##########################3                                                                                                                                                    | 317/2105 [03:11<17:20,  1.72it/s][A
Iteration:  15%|##########################4                                                                                                                                                    | 318/2105 [03:11<17:20,  1.72it/s][A
Iteration:  15%|##########################5                                                                                                                                                    | 319/2105 [03:12<17:20,  1.72it/s][A
Iteration:  15%|##########################6                                                                                                                                                    | 320/2105 [03:12<17:19,  1.72it/s][A
Iteration:  15%|##########################6                                                                                                                                                    | 321/2105 [03:13<17:20,  1.71it/s][A
Iteration:  15%|##########################7                                                                                                                                                    | 322/2105 [03:14<17:19,  1.72it/s][A
Iteration:  15%|##########################8                                                                                                                                                    | 323/2105 [03:14<17:18,  1.72it/s][A
Iteration:  15%|##########################9                                                                                                                                                    | 324/2105 [03:15<17:17,  1.72it/s][A
Iteration:  15%|###########################                                                                                                                                                    | 325/2105 [03:15<17:16,  1.72it/s][A
Iteration:  15%|###########################1                                                                                                                                                   | 326/2105 [03:16<17:16,  1.72it/s][A
Iteration:  16%|###########################1                                                                                                                                                   | 327/2105 [03:17<17:15,  1.72it/s][A
Iteration:  16%|###########################2                                                                                                                                                   | 328/2105 [03:17<17:15,  1.72it/s][A
Iteration:  16%|###########################3                                                                                                                                                   | 329/2105 [03:18<17:14,  1.72it/s][A
Iteration:  16%|###########################4                                                                                                                                                   | 330/2105 [03:18<17:14,  1.72it/s][A
Iteration:  16%|###########################5                                                                                                                                                   | 331/2105 [03:19<17:13,  1.72it/s][A
Iteration:  16%|###########################6                                                                                                                                                   | 332/2105 [03:19<17:13,  1.72it/s][A
Iteration:  16%|###########################6                                                                                                                                                   | 333/2105 [03:20<17:11,  1.72it/s][A
Iteration:  16%|###########################7                                                                                                                                                   | 334/2105 [03:21<17:11,  1.72it/s][A
Iteration:  16%|###########################8                                                                                                                                                   | 335/2105 [03:21<17:09,  1.72it/s][A
Iteration:  16%|###########################9                                                                                                                                                   | 336/2105 [03:22<17:09,  1.72it/s][A
Iteration:  16%|############################                                                                                                                                                   | 337/2105 [03:22<17:09,  1.72it/s][A
Iteration:  16%|############################                                                                                                                                                   | 338/2105 [03:23<17:09,  1.72it/s][A
Iteration:  16%|############################1                                                                                                                                                  | 339/2105 [03:23<17:08,  1.72it/s][A
Iteration:  16%|############################2                                                                                                                                                  | 340/2105 [03:24<17:08,  1.72it/s][A
Iteration:  16%|############################3                                                                                                                                                  | 341/2105 [03:25<17:07,  1.72it/s][A
Iteration:  16%|############################4                                                                                                                                                  | 342/2105 [03:25<17:07,  1.72it/s][A
Iteration:  16%|############################5                                                                                                                                                  | 343/2105 [03:26<17:06,  1.72it/s][A
Iteration:  16%|############################5                                                                                                                                                  | 344/2105 [03:26<17:05,  1.72it/s][A
Iteration:  16%|############################6                                                                                                                                                  | 345/2105 [03:27<17:05,  1.72it/s][A
Iteration:  16%|############################7                                                                                                                                                  | 346/2105 [03:28<17:05,  1.72it/s][A
Iteration:  16%|############################8                                                                                                                                                  | 347/2105 [03:28<17:04,  1.72it/s][A
Iteration:  17%|############################9                                                                                                                                                  | 348/2105 [03:29<17:03,  1.72it/s][A
Iteration:  17%|#############################                                                                                                                                                  | 349/2105 [03:29<17:02,  1.72it/s][A
Iteration:  17%|#############################                                                                                                                                                  | 350/2105 [03:30<17:02,  1.72it/s][A
Iteration:  17%|#############################1                                                                                                                                                 | 351/2105 [03:30<17:02,  1.72it/s][A
Iteration:  17%|#############################2                                                                                                                                                 | 352/2105 [03:31<17:01,  1.72it/s][A
Iteration:  17%|#############################3                                                                                                                                                 | 353/2105 [03:32<17:01,  1.72it/s][A
Iteration:  17%|#############################4                                                                                                                                                 | 354/2105 [03:32<17:00,  1.72it/s][A
Iteration:  17%|#############################5                                                                                                                                                 | 355/2105 [03:33<17:00,  1.72it/s][A
Iteration:  17%|#############################5                                                                                                                                                 | 356/2105 [03:33<16:59,  1.72it/s][A
Iteration:  17%|#############################6                                                                                                                                                 | 357/2105 [03:34<16:58,  1.72it/s][A
Iteration:  17%|#############################7                                                                                                                                                 | 358/2105 [03:35<16:57,  1.72it/s][A
Iteration:  17%|#############################8                                                                                                                                                 | 359/2105 [03:35<16:57,  1.72it/s][A
Iteration:  17%|#############################9                                                                                                                                                 | 360/2105 [03:36<16:56,  1.72it/s][A
Iteration:  17%|##############################                                                                                                                                                 | 361/2105 [03:36<16:56,  1.72it/s][A
Iteration:  17%|##############################                                                                                                                                                 | 362/2105 [03:37<16:55,  1.72it/s][A
Iteration:  17%|##############################1                                                                                                                                                | 363/2105 [03:37<16:55,  1.72it/s][A
Iteration:  17%|##############################2                                                                                                                                                | 364/2105 [03:38<16:54,  1.72it/s][A
Iteration:  17%|##############################3                                                                                                                                                | 365/2105 [03:39<16:53,  1.72it/s][A
Iteration:  17%|##############################4                                                                                                                                                | 366/2105 [03:39<16:53,  1.72it/s][A
Iteration:  17%|##############################5                                                                                                                                                | 367/2105 [03:40<16:52,  1.72it/s][A
Iteration:  17%|##############################5                                                                                                                                                | 368/2105 [03:40<16:52,  1.72it/s][A
Iteration:  18%|##############################6                                                                                                                                                | 369/2105 [03:41<16:52,  1.72it/s][A
Iteration:  18%|##############################7                                                                                                                                                | 370/2105 [03:42<16:51,  1.72it/s][A
Iteration:  18%|##############################8                                                                                                                                                | 371/2105 [03:42<16:50,  1.72it/s][A
Iteration:  18%|##############################9                                                                                                                                                | 372/2105 [03:43<16:50,  1.72it/s][A
Iteration:  18%|###############################                                                                                                                                                | 373/2105 [03:43<16:49,  1.72it/s][A
Iteration:  18%|###############################                                                                                                                                                | 374/2105 [03:44<16:49,  1.71it/s][A
Iteration:  18%|###############################1                                                                                                                                               | 375/2105 [03:44<16:48,  1.72it/s][A
Iteration:  18%|###############################2                                                                                                                                               | 376/2105 [03:45<16:48,  1.71it/s][A
Iteration:  18%|###############################3                                                                                                                                               | 377/2105 [03:46<16:47,  1.72it/s][A
Iteration:  18%|###############################4                                                                                                                                               | 378/2105 [03:46<16:46,  1.72it/s][A
Iteration:  18%|###############################5                                                                                                                                               | 379/2105 [03:47<16:45,  1.72it/s][A
Iteration:  18%|###############################5                                                                                                                                               | 380/2105 [03:47<16:45,  1.72it/s][A
Iteration:  18%|###############################6                                                                                                                                               | 381/2105 [03:48<16:44,  1.72it/s][A
Iteration:  18%|###############################7                                                                                                                                               | 382/2105 [03:49<16:44,  1.72it/s][A
Iteration:  18%|###############################8                                                                                                                                               | 383/2105 [03:49<16:43,  1.72it/s][A
Iteration:  18%|###############################9                                                                                                                                               | 384/2105 [03:50<16:42,  1.72it/s][A
Iteration:  18%|################################                                                                                                                                               | 385/2105 [03:50<16:42,  1.72it/s][A
Iteration:  18%|################################                                                                                                                                               | 386/2105 [03:51<16:41,  1.72it/s][A
Iteration:  18%|################################1                                                                                                                                              | 387/2105 [03:51<16:41,  1.72it/s][A
Iteration:  18%|################################2                                                                                                                                              | 388/2105 [03:52<16:40,  1.72it/s][A
Iteration:  18%|################################3                                                                                                                                              | 389/2105 [03:53<16:40,  1.72it/s][A
Iteration:  19%|################################4                                                                                                                                              | 390/2105 [03:53<16:39,  1.72it/s][A
Iteration:  19%|################################5                                                                                                                                              | 391/2105 [03:54<16:38,  1.72it/s][A
Iteration:  19%|################################5                                                                                                                                              | 392/2105 [03:54<16:38,  1.72it/s][A
Iteration:  19%|################################6                                                                                                                                              | 393/2105 [03:55<16:37,  1.72it/s][A
Iteration:  19%|################################7                                                                                                                                              | 394/2105 [03:56<16:37,  1.72it/s][A
Iteration:  19%|################################8                                                                                                                                              | 395/2105 [03:56<16:36,  1.72it/s][A
Iteration:  19%|################################9                                                                                                                                              | 396/2105 [03:57<16:35,  1.72it/s][A
Iteration:  19%|#################################                                                                                                                                              | 397/2105 [03:57<16:35,  1.72it/s][A
Iteration:  19%|#################################                                                                                                                                              | 398/2105 [03:58<16:34,  1.72it/s][A
Iteration:  19%|#################################1                                                                                                                                             | 399/2105 [03:58<16:33,  1.72it/s][A05/22 09:21:41 AM ***** Running evaluation *****
05/22 09:21:41 AM   Epoch = 0 iter 400 step, (105200.0 steps in total)
05/22 09:21:41 AM   Num examples = 872
05/22 09:21:41 AM   Batch size = 32
05/22 09:21:41 AM   Previous best acc = 0.5091743119266054
05/22 09:21:45 AM ***** Eval results *****
05/22 09:21:45 AM   acc = 0.5091743119266054
05/22 09:21:45 AM   cls_loss = 0.6918286094069481
05/22 09:21:45 AM   eval_loss = 0.6931280642747879
05/22 09:21:45 AM   global_step = 400
05/22 09:21:45 AM   key_loss = 6.206365350484848
05/22 09:21:45 AM   loss = 28.608348355293273
05/22 09:21:45 AM   query_loss = 4.79985595703125
05/22 09:21:45 AM   rep_loss = 10.366138429641724
05/22 09:21:45 AM   value_loss = 6.544159908294677

Iteration:  19%|#################################2                                                                                                                                             | 400/2105 [04:04<55:33,  1.96s/it][A
Iteration:  19%|#################################3                                                                                                                                             | 401/2105 [04:04<43:50,  1.54s/it][A
Iteration:  19%|#################################4                                                                                                                                             | 402/2105 [04:05<35:37,  1.26s/it][A
Iteration:  19%|#################################5                                                                                                                                             | 403/2105 [04:05<29:53,  1.05s/it][A
Iteration:  19%|#################################5                                                                                                                                             | 404/2105 [04:06<25:52,  1.10it/s][A
Iteration:  19%|#################################6                                                                                                                                             | 405/2105 [04:07<23:02,  1.23it/s][A
Iteration:  19%|#################################7                                                                                                                                             | 406/2105 [04:07<21:04,  1.34it/s][A
Iteration:  19%|#################################8                                                                                                                                             | 407/2105 [04:08<19:40,  1.44it/s][A
Iteration:  19%|#################################9                                                                                                                                             | 408/2105 [04:08<18:42,  1.51it/s][A
Iteration:  19%|##################################                                                                                                                                             | 409/2105 [04:09<18:01,  1.57it/s][A
Iteration:  19%|##################################                                                                                                                                             | 410/2105 [04:09<17:32,  1.61it/s][A
Iteration:  20%|##################################1                                                                                                                                            | 411/2105 [04:10<17:12,  1.64it/s][A
Iteration:  20%|##################################2                                                                                                                                            | 412/2105 [04:11<16:58,  1.66it/s][A
Iteration:  20%|##################################3                                                                                                                                            | 413/2105 [04:11<16:47,  1.68it/s][A
Iteration:  20%|##################################4                                                                                                                                            | 414/2105 [04:12<16:40,  1.69it/s][A
Iteration:  20%|##################################5                                                                                                                                            | 415/2105 [04:12<16:34,  1.70it/s][A
Iteration:  20%|##################################5                                                                                                                                            | 416/2105 [04:13<16:30,  1.70it/s][A
Iteration:  20%|##################################6                                                                                                                                            | 417/2105 [04:14<16:27,  1.71it/s][A
Iteration:  20%|##################################7                                                                                                                                            | 418/2105 [04:14<16:25,  1.71it/s][A
Iteration:  20%|##################################8                                                                                                                                            | 419/2105 [04:15<16:23,  1.71it/s][A
Iteration:  20%|##################################9                                                                                                                                            | 420/2105 [04:15<16:22,  1.71it/s][A
Iteration:  20%|###################################                                                                                                                                            | 421/2105 [04:16<16:21,  1.72it/s][A
Iteration:  20%|###################################                                                                                                                                            | 422/2105 [04:16<16:20,  1.72it/s][A
Iteration:  20%|###################################1                                                                                                                                           | 423/2105 [04:17<16:20,  1.72it/s][A
Iteration:  20%|###################################2                                                                                                                                           | 424/2105 [04:18<16:19,  1.72it/s][A
Iteration:  20%|###################################3                                                                                                                                           | 425/2105 [04:18<16:18,  1.72it/s][A
Iteration:  20%|###################################4                                                                                                                                           | 426/2105 [04:19<16:17,  1.72it/s][A
Iteration:  20%|###################################4                                                                                                                                           | 427/2105 [04:19<16:16,  1.72it/s][A
Iteration:  20%|###################################5                                                                                                                                           | 428/2105 [04:20<16:16,  1.72it/s][A
Iteration:  20%|###################################6                                                                                                                                           | 429/2105 [04:21<16:15,  1.72it/s][A
Iteration:  20%|###################################7                                                                                                                                           | 430/2105 [04:21<16:14,  1.72it/s][A
Iteration:  20%|###################################8                                                                                                                                           | 431/2105 [04:22<16:14,  1.72it/s][A
Iteration:  21%|###################################9                                                                                                                                           | 432/2105 [04:22<16:13,  1.72it/s][A
Iteration:  21%|###################################9                                                                                                                                           | 433/2105 [04:23<16:13,  1.72it/s][A
Iteration:  21%|####################################                                                                                                                                           | 434/2105 [04:23<16:12,  1.72it/s][A
Iteration:  21%|####################################1                                                                                                                                          | 435/2105 [04:24<16:12,  1.72it/s][A
Iteration:  21%|####################################2                                                                                                                                          | 436/2105 [04:25<16:12,  1.72it/s][A
Iteration:  21%|####################################3                                                                                                                                          | 437/2105 [04:25<16:11,  1.72it/s][A
Iteration:  21%|####################################4                                                                                                                                          | 438/2105 [04:26<16:10,  1.72it/s][A
Iteration:  21%|####################################4                                                                                                                                          | 439/2105 [04:26<16:10,  1.72it/s][A
Iteration:  21%|####################################5                                                                                                                                          | 440/2105 [04:27<16:09,  1.72it/s][A
Iteration:  21%|####################################6                                                                                                                                          | 441/2105 [04:27<16:09,  1.72it/s][A
Iteration:  21%|####################################7                                                                                                                                          | 442/2105 [04:28<16:08,  1.72it/s][A
Iteration:  21%|####################################8                                                                                                                                          | 443/2105 [04:29<16:08,  1.72it/s][A
Iteration:  21%|####################################9                                                                                                                                          | 444/2105 [04:29<16:07,  1.72it/s][A
Iteration:  21%|####################################9                                                                                                                                          | 445/2105 [04:30<16:07,  1.72it/s][A
Iteration:  21%|#####################################                                                                                                                                          | 446/2105 [04:30<16:06,  1.72it/s][A
Iteration:  21%|#####################################1                                                                                                                                         | 447/2105 [04:31<16:05,  1.72it/s][A
Iteration:  21%|#####################################2                                                                                                                                         | 448/2105 [04:32<16:04,  1.72it/s][A
Iteration:  21%|#####################################3                                                                                                                                         | 449/2105 [04:32<16:04,  1.72it/s][A
Iteration:  21%|#####################################4                                                                                                                                         | 450/2105 [04:33<16:04,  1.72it/s][A
Iteration:  21%|#####################################4                                                                                                                                         | 451/2105 [04:33<16:03,  1.72it/s][A
Iteration:  21%|#####################################5                                                                                                                                         | 452/2105 [04:34<16:02,  1.72it/s][A
Iteration:  22%|#####################################6                                                                                                                                         | 453/2105 [04:34<16:02,  1.72it/s][A
Iteration:  22%|#####################################7                                                                                                                                         | 454/2105 [04:35<16:02,  1.72it/s][A
Iteration:  22%|#####################################8                                                                                                                                         | 455/2105 [04:36<16:01,  1.72it/s][A
Iteration:  22%|#####################################9                                                                                                                                         | 456/2105 [04:36<16:01,  1.72it/s][A
Iteration:  22%|#####################################9                                                                                                                                         | 457/2105 [04:37<16:00,  1.72it/s][A
Iteration:  22%|######################################                                                                                                                                         | 458/2105 [04:37<15:59,  1.72it/s][A
Iteration:  22%|######################################1                                                                                                                                        | 459/2105 [04:38<15:58,  1.72it/s][A
Iteration:  22%|######################################2                                                                                                                                        | 460/2105 [04:39<15:57,  1.72it/s][A
Iteration:  22%|######################################3                                                                                                                                        | 461/2105 [04:39<15:57,  1.72it/s][A
Iteration:  22%|######################################4                                                                                                                                        | 462/2105 [04:40<15:56,  1.72it/s][A
Iteration:  22%|######################################4                                                                                                                                        | 463/2105 [04:40<15:56,  1.72it/s][A
Iteration:  22%|######################################5                                                                                                                                        | 464/2105 [04:41<15:55,  1.72it/s][A
Iteration:  22%|######################################6                                                                                                                                        | 465/2105 [04:41<15:55,  1.72it/s][A
Iteration:  22%|######################################7                                                                                                                                        | 466/2105 [04:42<15:54,  1.72it/s][A
Iteration:  22%|######################################8                                                                                                                                        | 467/2105 [04:43<15:53,  1.72it/s][A
Iteration:  22%|######################################9                                                                                                                                        | 468/2105 [04:43<15:53,  1.72it/s][A
Iteration:  22%|######################################9                                                                                                                                        | 469/2105 [04:44<15:52,  1.72it/s][A
Iteration:  22%|#######################################                                                                                                                                        | 470/2105 [04:44<15:52,  1.72it/s][A
Iteration:  22%|#######################################1                                                                                                                                       | 471/2105 [04:45<15:51,  1.72it/s][A
Iteration:  22%|#######################################2                                                                                                                                       | 472/2105 [04:46<15:51,  1.72it/s][A
Iteration:  22%|#######################################3                                                                                                                                       | 473/2105 [04:46<15:50,  1.72it/s][A
Iteration:  23%|#######################################4                                                                                                                                       | 474/2105 [04:47<15:49,  1.72it/s][A
Iteration:  23%|#######################################4                                                                                                                                       | 475/2105 [04:47<15:49,  1.72it/s][A
Iteration:  23%|#######################################5                                                                                                                                       | 476/2105 [04:48<15:48,  1.72it/s][A
Iteration:  23%|#######################################6                                                                                                                                       | 477/2105 [04:48<15:47,  1.72it/s][A
Iteration:  23%|#######################################7                                                                                                                                       | 478/2105 [04:49<15:47,  1.72it/s][A
Iteration:  23%|#######################################8                                                                                                                                       | 479/2105 [04:50<15:46,  1.72it/s][A
Iteration:  23%|#######################################9                                                                                                                                       | 480/2105 [04:50<15:46,  1.72it/s][A
Iteration:  23%|#######################################9                                                                                                                                       | 481/2105 [04:51<15:45,  1.72it/s][A
Iteration:  23%|########################################                                                                                                                                       | 482/2105 [04:51<15:45,  1.72it/s][A
Iteration:  23%|########################################1                                                                                                                                      | 483/2105 [04:52<15:44,  1.72it/s][A
Iteration:  23%|########################################2                                                                                                                                      | 484/2105 [04:53<15:44,  1.72it/s][A
Iteration:  23%|########################################3                                                                                                                                      | 485/2105 [04:53<15:43,  1.72it/s][A
Iteration:  23%|########################################4                                                                                                                                      | 486/2105 [04:54<15:43,  1.72it/s][A
Iteration:  23%|########################################4                                                                                                                                      | 487/2105 [04:54<15:42,  1.72it/s][A
Iteration:  23%|########################################5                                                                                                                                      | 488/2105 [04:55<15:41,  1.72it/s][A
Iteration:  23%|########################################6                                                                                                                                      | 489/2105 [04:55<15:41,  1.72it/s][A
Iteration:  23%|########################################7                                                                                                                                      | 490/2105 [04:56<15:40,  1.72it/s][A
Iteration:  23%|########################################8                                                                                                                                      | 491/2105 [04:57<15:40,  1.72it/s][A
Iteration:  23%|########################################9                                                                                                                                      | 492/2105 [04:57<15:39,  1.72it/s][A
Iteration:  23%|########################################9                                                                                                                                      | 493/2105 [04:58<15:39,  1.72it/s][A
Iteration:  23%|#########################################                                                                                                                                      | 494/2105 [04:58<15:38,  1.72it/s][A
Iteration:  24%|#########################################1                                                                                                                                     | 495/2105 [04:59<15:38,  1.72it/s][A
Iteration:  24%|#########################################2                                                                                                                                     | 496/2105 [05:00<15:37,  1.72it/s][A
Iteration:  24%|#########################################3                                                                                                                                     | 497/2105 [05:00<15:36,  1.72it/s][A
Iteration:  24%|#########################################4                                                                                                                                     | 498/2105 [05:01<15:36,  1.72it/s][A
Iteration:  24%|#########################################4                                                                                                                                     | 499/2105 [05:01<15:35,  1.72it/s][A
Iteration:  24%|#########################################5                                                                                                                                     | 500/2105 [05:02<15:35,  1.72it/s][A
Iteration:  24%|#########################################6                                                                                                                                     | 501/2105 [05:02<15:34,  1.72it/s][A
Iteration:  24%|#########################################7                                                                                                                                     | 502/2105 [05:03<15:34,  1.72it/s][A
Iteration:  24%|#########################################8                                                                                                                                     | 503/2105 [05:04<15:33,  1.72it/s][A
Iteration:  24%|#########################################9                                                                                                                                     | 504/2105 [05:04<15:32,  1.72it/s][A
Iteration:  24%|#########################################9                                                                                                                                     | 505/2105 [05:05<15:32,  1.72it/s][A
Iteration:  24%|##########################################                                                                                                                                     | 506/2105 [05:05<15:31,  1.72it/s][A
Iteration:  24%|##########################################1                                                                                                                                    | 507/2105 [05:06<15:31,  1.72it/s][A
Iteration:  24%|##########################################2                                                                                                                                    | 508/2105 [05:07<15:30,  1.72it/s][A
Iteration:  24%|##########################################3                                                                                                                                    | 509/2105 [05:07<15:29,  1.72it/s][A
Iteration:  24%|##########################################3                                                                                                                                    | 510/2105 [05:08<15:29,  1.72it/s][A
Iteration:  24%|##########################################4                                                                                                                                    | 511/2105 [05:08<15:28,  1.72it/s][A
Iteration:  24%|##########################################5                                                                                                                                    | 512/2105 [05:09<15:28,  1.72it/s][A
Iteration:  24%|##########################################6                                                                                                                                    | 513/2105 [05:09<15:27,  1.72it/s][A
Iteration:  24%|##########################################7                                                                                                                                    | 514/2105 [05:10<15:26,  1.72it/s][A
Iteration:  24%|##########################################8                                                                                                                                    | 515/2105 [05:11<15:26,  1.72it/s][A
Iteration:  25%|##########################################8                                                                                                                                    | 516/2105 [05:11<15:25,  1.72it/s][A
Iteration:  25%|##########################################9                                                                                                                                    | 517/2105 [05:12<15:24,  1.72it/s][A
Iteration:  25%|###########################################                                                                                                                                    | 518/2105 [05:12<15:24,  1.72it/s][A
Iteration:  25%|###########################################1                                                                                                                                   | 519/2105 [05:13<15:23,  1.72it/s][A
Iteration:  25%|###########################################2                                                                                                                                   | 520/2105 [05:14<15:23,  1.72it/s][A
Iteration:  25%|###########################################3                                                                                                                                   | 521/2105 [05:14<15:22,  1.72it/s][A
Iteration:  25%|###########################################3                                                                                                                                   | 522/2105 [05:15<15:22,  1.72it/s][A
Iteration:  25%|###########################################4                                                                                                                                   | 523/2105 [05:15<15:21,  1.72it/s][A
Iteration:  25%|###########################################5                                                                                                                                   | 524/2105 [05:16<15:21,  1.72it/s][A
Iteration:  25%|###########################################6                                                                                                                                   | 525/2105 [05:16<15:20,  1.72it/s][A
Iteration:  25%|###########################################7                                                                                                                                   | 526/2105 [05:17<15:19,  1.72it/s][A
Iteration:  25%|###########################################8                                                                                                                                   | 527/2105 [05:18<15:20,  1.72it/s][A
Iteration:  25%|###########################################8                                                                                                                                   | 528/2105 [05:18<15:19,  1.72it/s][A
Iteration:  25%|###########################################9                                                                                                                                   | 529/2105 [05:19<15:18,  1.72it/s][A
Iteration:  25%|############################################                                                                                                                                   | 530/2105 [05:19<15:17,  1.72it/s][A
Iteration:  25%|############################################1                                                                                                                                  | 531/2105 [05:20<15:17,  1.72it/s][A
Iteration:  25%|############################################2                                                                                                                                  | 532/2105 [05:21<15:16,  1.72it/s][A
Iteration:  25%|############################################3                                                                                                                                  | 533/2105 [05:21<15:15,  1.72it/s][A
Iteration:  25%|############################################3                                                                                                                                  | 534/2105 [05:22<15:14,  1.72it/s][A
Iteration:  25%|############################################4                                                                                                                                  | 535/2105 [05:22<15:13,  1.72it/s][A
Iteration:  25%|############################################5                                                                                                                                  | 536/2105 [05:23<15:13,  1.72it/s][A
Iteration:  26%|############################################6                                                                                                                                  | 537/2105 [05:23<15:13,  1.72it/s][A
Iteration:  26%|############################################7                                                                                                                                  | 538/2105 [05:24<15:13,  1.72it/s][A
Iteration:  26%|############################################8                                                                                                                                  | 539/2105 [05:25<15:12,  1.72it/s][A
Iteration:  26%|############################################8                                                                                                                                  | 540/2105 [05:25<15:11,  1.72it/s][A
Iteration:  26%|############################################9                                                                                                                                  | 541/2105 [05:26<15:10,  1.72it/s][A
Iteration:  26%|#############################################                                                                                                                                  | 542/2105 [05:26<15:10,  1.72it/s][A
Iteration:  26%|#############################################1                                                                                                                                 | 543/2105 [05:27<15:09,  1.72it/s][A
Iteration:  26%|#############################################2                                                                                                                                 | 544/2105 [05:27<15:08,  1.72it/s][A
Iteration:  26%|#############################################3                                                                                                                                 | 545/2105 [05:28<15:08,  1.72it/s][A
Iteration:  26%|#############################################3                                                                                                                                 | 546/2105 [05:29<15:08,  1.72it/s][A
Iteration:  26%|#############################################4                                                                                                                                 | 547/2105 [05:29<15:07,  1.72it/s][A
Iteration:  26%|#############################################5                                                                                                                                 | 548/2105 [05:30<15:07,  1.72it/s][A
Iteration:  26%|#############################################6                                                                                                                                 | 549/2105 [05:30<15:06,  1.72it/s][A
Iteration:  26%|#############################################7                                                                                                                                 | 550/2105 [05:31<15:06,  1.72it/s][A
Iteration:  26%|#############################################8                                                                                                                                 | 551/2105 [05:32<15:05,  1.72it/s][A
Iteration:  26%|#############################################8                                                                                                                                 | 552/2105 [05:32<15:04,  1.72it/s][A
Iteration:  26%|#############################################9                                                                                                                                 | 553/2105 [05:33<15:04,  1.72it/s][A
Iteration:  26%|##############################################                                                                                                                                 | 554/2105 [05:33<15:03,  1.72it/s][A
Iteration:  26%|##############################################1                                                                                                                                | 555/2105 [05:34<15:03,  1.72it/s][A
Iteration:  26%|##############################################2                                                                                                                                | 556/2105 [05:34<15:02,  1.72it/s][A
Iteration:  26%|##############################################3                                                                                                                                | 557/2105 [05:35<15:02,  1.72it/s][A
Iteration:  27%|##############################################3                                                                                                                                | 558/2105 [05:36<15:01,  1.72it/s][A
Iteration:  27%|##############################################4                                                                                                                                | 559/2105 [05:36<15:00,  1.72it/s][A
Iteration:  27%|##############################################5                                                                                                                                | 560/2105 [05:37<15:00,  1.72it/s][A
Iteration:  27%|##############################################6                                                                                                                                | 561/2105 [05:37<14:59,  1.72it/s][A
Iteration:  27%|##############################################7                                                                                                                                | 562/2105 [05:38<14:59,  1.72it/s][A
Iteration:  27%|##############################################8                                                                                                                                | 563/2105 [05:39<14:58,  1.72it/s][A
Iteration:  27%|##############################################8                                                                                                                                | 564/2105 [05:39<14:57,  1.72it/s][A
Iteration:  27%|##############################################9                                                                                                                                | 565/2105 [05:40<14:56,  1.72it/s][A
Iteration:  27%|###############################################                                                                                                                                | 566/2105 [05:40<14:56,  1.72it/s][A
Iteration:  27%|###############################################1                                                                                                                               | 567/2105 [05:41<14:55,  1.72it/s][A
Iteration:  27%|###############################################2                                                                                                                               | 568/2105 [05:41<14:55,  1.72it/s][A
Iteration:  27%|###############################################3                                                                                                                               | 569/2105 [05:42<14:54,  1.72it/s][A
Iteration:  27%|###############################################3                                                                                                                               | 570/2105 [05:43<14:54,  1.72it/s][A
Iteration:  27%|###############################################4                                                                                                                               | 571/2105 [05:43<14:53,  1.72it/s][A
Iteration:  27%|###############################################5                                                                                                                               | 572/2105 [05:44<14:53,  1.72it/s][A
Iteration:  27%|###############################################6                                                                                                                               | 573/2105 [05:44<14:52,  1.72it/s][A
Iteration:  27%|###############################################7                                                                                                                               | 574/2105 [05:45<14:52,  1.72it/s][A
Iteration:  27%|###############################################8                                                                                                                               | 575/2105 [05:46<14:51,  1.72it/s][A
Iteration:  27%|###############################################8                                                                                                                               | 576/2105 [05:46<14:50,  1.72it/s][A
Iteration:  27%|###############################################9                                                                                                                               | 577/2105 [05:47<14:50,  1.72it/s][A
Iteration:  27%|################################################                                                                                                                               | 578/2105 [05:47<14:49,  1.72it/s][A
Iteration:  28%|################################################1                                                                                                                              | 579/2105 [05:48<14:49,  1.72it/s][A
Iteration:  28%|################################################2                                                                                                                              | 580/2105 [05:48<14:48,  1.72it/s][A
Iteration:  28%|################################################3                                                                                                                              | 581/2105 [05:49<14:48,  1.72it/s][A
Iteration:  28%|################################################3                                                                                                                              | 582/2105 [05:50<14:47,  1.72it/s][A
Iteration:  28%|################################################4                                                                                                                              | 583/2105 [05:50<14:46,  1.72it/s][A
Iteration:  28%|################################################5                                                                                                                              | 584/2105 [05:51<14:45,  1.72it/s][A
Iteration:  28%|################################################6                                                                                                                              | 585/2105 [05:51<14:45,  1.72it/s][A
Iteration:  28%|################################################7                                                                                                                              | 586/2105 [05:52<14:44,  1.72it/s][A
Iteration:  28%|################################################8                                                                                                                              | 587/2105 [05:53<14:44,  1.72it/s][A
Iteration:  28%|################################################8                                                                                                                              | 588/2105 [05:53<14:44,  1.72it/s][A
Iteration:  28%|################################################9                                                                                                                              | 589/2105 [05:54<14:43,  1.71it/s][A
Iteration:  28%|#################################################                                                                                                                              | 590/2105 [05:54<14:43,  1.72it/s][A
Iteration:  28%|#################################################1                                                                                                                             | 591/2105 [05:55<14:42,  1.72it/s][A
Iteration:  28%|#################################################2                                                                                                                             | 592/2105 [05:55<14:41,  1.72it/s][A
Iteration:  28%|#################################################2                                                                                                                             | 593/2105 [05:56<14:41,  1.72it/s][A
Iteration:  28%|#################################################3                                                                                                                             | 594/2105 [05:57<14:40,  1.72it/s][A
Iteration:  28%|#################################################4                                                                                                                             | 595/2105 [05:57<14:39,  1.72it/s][A
Iteration:  28%|#################################################5                                                                                                                             | 596/2105 [05:58<14:39,  1.72it/s][A
Iteration:  28%|#################################################6                                                                                                                             | 597/2105 [05:58<14:38,  1.72it/s][A
Iteration:  28%|#################################################7                                                                                                                             | 598/2105 [05:59<14:37,  1.72it/s][A
Iteration:  28%|#################################################7                                                                                                                             | 599/2105 [06:00<14:37,  1.72it/s][A05/22 09:23:42 AM ***** Running evaluation *****
05/22 09:23:42 AM   Epoch = 0 iter 600 step, (105200.0 steps in total)
05/22 09:23:42 AM   Num examples = 872
05/22 09:23:42 AM   Batch size = 32
05/22 09:23:42 AM   Previous best acc = 0.5091743119266054
05/22 09:23:46 AM ***** Eval results *****
05/22 09:23:46 AM   acc = 0.5091743119266054
05/22 09:23:46 AM   cls_loss = 0.690434816479683
05/22 09:23:46 AM   eval_loss = 0.6943124106952122
05/22 09:23:46 AM   global_step = 600
05/22 09:23:46 AM   key_loss = 5.852262105941772
05/22 09:23:46 AM   loss = 27.267242759068807
05/22 09:23:46 AM   query_loss = 4.546634850502014
05/22 09:23:46 AM   rep_loss = 10.098106253941854
05/22 09:23:46 AM   value_loss = 6.079804632663727

Iteration:  29%|#################################################8                                                                                                                             | 600/2105 [06:05<49:04,  1.96s/it][A
Iteration:  29%|#################################################9                                                                                                                             | 601/2105 [06:05<38:43,  1.54s/it][A
Iteration:  29%|##################################################                                                                                                                             | 602/2105 [06:06<31:27,  1.26s/it][A
Iteration:  29%|##################################################1                                                                                                                            | 603/2105 [06:06<26:23,  1.05s/it][A
Iteration:  29%|##################################################2                                                                                                                            | 604/2105 [06:07<22:49,  1.10it/s][A
Iteration:  29%|##################################################2                                                                                                                            | 605/2105 [06:08<20:19,  1.23it/s][A
Iteration:  29%|##################################################3                                                                                                                            | 606/2105 [06:08<18:34,  1.34it/s][A
Iteration:  29%|##################################################4                                                                                                                            | 607/2105 [06:09<17:21,  1.44it/s][A
Iteration:  29%|##################################################5                                                                                                                            | 608/2105 [06:09<16:30,  1.51it/s][A
Iteration:  29%|##################################################6                                                                                                                            | 609/2105 [06:10<15:54,  1.57it/s][A
Iteration:  29%|##################################################7                                                                                                                            | 610/2105 [06:11<15:29,  1.61it/s][A
Iteration:  29%|##################################################7                                                                                                                            | 611/2105 [06:11<15:10,  1.64it/s][A
Iteration:  29%|##################################################8                                                                                                                            | 612/2105 [06:12<14:58,  1.66it/s][A
Iteration:  29%|##################################################9                                                                                                                            | 613/2105 [06:12<14:49,  1.68it/s][A
Iteration:  29%|###################################################                                                                                                                            | 614/2105 [06:13<14:42,  1.69it/s][A
Iteration:  29%|###################################################1                                                                                                                           | 615/2105 [06:13<14:37,  1.70it/s][A
Iteration:  29%|###################################################2                                                                                                                           | 616/2105 [06:14<14:34,  1.70it/s][A
Iteration:  29%|###################################################2                                                                                                                           | 617/2105 [06:15<14:31,  1.71it/s][A
Iteration:  29%|###################################################3                                                                                                                           | 618/2105 [06:15<14:29,  1.71it/s][A
Iteration:  29%|###################################################4                                                                                                                           | 619/2105 [06:16<14:28,  1.71it/s][A
Iteration:  29%|###################################################5                                                                                                                           | 620/2105 [06:16<14:27,  1.71it/s][A
Iteration:  30%|###################################################6                                                                                                                           | 621/2105 [06:17<14:26,  1.71it/s][A
Iteration:  30%|###################################################7                                                                                                                           | 622/2105 [06:18<14:25,  1.71it/s][A
Iteration:  30%|###################################################7                                                                                                                           | 623/2105 [06:18<14:24,  1.71it/s][A
Iteration:  30%|###################################################8                                                                                                                           | 624/2105 [06:19<14:23,  1.71it/s][A
Iteration:  30%|###################################################9                                                                                                                           | 625/2105 [06:19<14:22,  1.72it/s][A
Iteration:  30%|####################################################                                                                                                                           | 626/2105 [06:20<14:22,  1.72it/s][A
Iteration:  30%|####################################################1                                                                                                                          | 627/2105 [06:20<14:21,  1.72it/s][A
Iteration:  30%|####################################################2                                                                                                                          | 628/2105 [06:21<14:20,  1.72it/s][A
Iteration:  30%|####################################################2                                                                                                                          | 629/2105 [06:22<14:19,  1.72it/s][A
Iteration:  30%|####################################################3                                                                                                                          | 630/2105 [06:22<14:19,  1.72it/s][A
Iteration:  30%|####################################################4                                                                                                                          | 631/2105 [06:23<14:19,  1.72it/s][A
Iteration:  30%|####################################################5                                                                                                                          | 632/2105 [06:23<14:18,  1.72it/s][A
Iteration:  30%|####################################################6                                                                                                                          | 633/2105 [06:24<14:17,  1.72it/s][A
Iteration:  30%|####################################################7                                                                                                                          | 634/2105 [06:25<14:16,  1.72it/s][A
Iteration:  30%|####################################################7                                                                                                                          | 635/2105 [06:25<14:15,  1.72it/s][A
Iteration:  30%|####################################################8                                                                                                                          | 636/2105 [06:26<14:15,  1.72it/s][A
Iteration:  30%|####################################################9                                                                                                                          | 637/2105 [06:26<14:14,  1.72it/s][A
Iteration:  30%|#####################################################                                                                                                                          | 638/2105 [06:27<14:14,  1.72it/s][A
Iteration:  30%|#####################################################1                                                                                                                         | 639/2105 [06:27<14:13,  1.72it/s][A
Iteration:  30%|#####################################################2                                                                                                                         | 640/2105 [06:28<14:14,  1.72it/s][A
Iteration:  30%|#####################################################2                                                                                                                         | 641/2105 [06:29<14:13,  1.72it/s][A
Iteration:  30%|#####################################################3                                                                                                                         | 642/2105 [06:29<14:13,  1.72it/s][A
Iteration:  31%|#####################################################4                                                                                                                         | 643/2105 [06:30<14:11,  1.72it/s][A
Iteration:  31%|#####################################################5                                                                                                                         | 644/2105 [06:30<14:11,  1.72it/s][A
Iteration:  31%|#####################################################6                                                                                                                         | 645/2105 [06:31<14:10,  1.72it/s][A
Iteration:  31%|#####################################################7                                                                                                                         | 646/2105 [06:32<14:10,  1.72it/s][A
Iteration:  31%|#####################################################7                                                                                                                         | 647/2105 [06:32<14:09,  1.72it/s][A
Iteration:  31%|#####################################################8                                                                                                                         | 648/2105 [06:33<14:09,  1.72it/s][A
Iteration:  31%|#####################################################9                                                                                                                         | 649/2105 [06:33<14:08,  1.72it/s][A
Iteration:  31%|######################################################                                                                                                                         | 650/2105 [06:34<14:07,  1.72it/s][A
Iteration:  31%|######################################################1                                                                                                                        | 651/2105 [06:34<14:07,  1.72it/s][A
Iteration:  31%|######################################################2                                                                                                                        | 652/2105 [06:35<14:06,  1.72it/s][A
Iteration:  31%|######################################################2                                                                                                                        | 653/2105 [06:36<14:05,  1.72it/s][A
Iteration:  31%|######################################################3                                                                                                                        | 654/2105 [06:36<14:05,  1.72it/s][A
Iteration:  31%|######################################################4                                                                                                                        | 655/2105 [06:37<14:04,  1.72it/s][A
Iteration:  31%|######################################################5                                                                                                                        | 656/2105 [06:37<14:04,  1.72it/s][A
Iteration:  31%|######################################################6                                                                                                                        | 657/2105 [06:38<14:03,  1.72it/s][A
Iteration:  31%|######################################################7                                                                                                                        | 658/2105 [06:38<14:03,  1.72it/s][A
Iteration:  31%|######################################################7                                                                                                                        | 659/2105 [06:39<14:02,  1.72it/s][A
Iteration:  31%|######################################################8                                                                                                                        | 660/2105 [06:40<14:01,  1.72it/s][A
Iteration:  31%|######################################################9                                                                                                                        | 661/2105 [06:40<14:01,  1.72it/s][A
Iteration:  31%|#######################################################                                                                                                                        | 662/2105 [06:41<14:00,  1.72it/s][A
Iteration:  31%|#######################################################1                                                                                                                       | 663/2105 [06:41<14:00,  1.72it/s][A
Iteration:  32%|#######################################################2                                                                                                                       | 664/2105 [06:42<13:59,  1.72it/s][A
Iteration:  32%|#######################################################2                                                                                                                       | 665/2105 [06:43<13:58,  1.72it/s][A
Iteration:  32%|#######################################################3                                                                                                                       | 666/2105 [06:43<13:58,  1.72it/s][A
Iteration:  32%|#######################################################4                                                                                                                       | 667/2105 [06:44<13:58,  1.72it/s][A
Iteration:  32%|#######################################################5                                                                                                                       | 668/2105 [06:44<13:57,  1.72it/s][A
Iteration:  32%|#######################################################6                                                                                                                       | 669/2105 [06:45<13:56,  1.72it/s][A
Iteration:  32%|#######################################################7                                                                                                                       | 670/2105 [06:45<13:55,  1.72it/s][A
Iteration:  32%|#######################################################7                                                                                                                       | 671/2105 [06:46<13:55,  1.72it/s][A
Iteration:  32%|#######################################################8                                                                                                                       | 672/2105 [06:47<13:54,  1.72it/s][A
Iteration:  32%|#######################################################9                                                                                                                       | 673/2105 [06:47<13:54,  1.72it/s][A
Iteration:  32%|########################################################                                                                                                                       | 674/2105 [06:48<13:53,  1.72it/s][A
Iteration:  32%|########################################################1                                                                                                                      | 675/2105 [06:48<13:53,  1.72it/s][A
Iteration:  32%|########################################################1                                                                                                                      | 676/2105 [06:49<13:52,  1.72it/s][A
Iteration:  32%|########################################################2                                                                                                                      | 677/2105 [06:50<13:51,  1.72it/s][A
Iteration:  32%|########################################################3                                                                                                                      | 678/2105 [06:50<13:50,  1.72it/s][A
Iteration:  32%|########################################################4                                                                                                                      | 679/2105 [06:51<13:50,  1.72it/s][A
Iteration:  32%|########################################################5                                                                                                                      | 680/2105 [06:51<13:50,  1.72it/s][A
Iteration:  32%|########################################################6                                                                                                                      | 681/2105 [06:52<13:49,  1.72it/s][A
Iteration:  32%|########################################################6                                                                                                                      | 682/2105 [06:52<13:48,  1.72it/s][A
Iteration:  32%|########################################################7                                                                                                                      | 683/2105 [06:53<13:48,  1.72it/s][A
Iteration:  32%|########################################################8                                                                                                                      | 684/2105 [06:54<13:47,  1.72it/s][A
Iteration:  33%|########################################################9                                                                                                                      | 685/2105 [06:54<13:47,  1.72it/s][A
Iteration:  33%|#########################################################                                                                                                                      | 686/2105 [06:55<13:46,  1.72it/s][A
Iteration:  33%|#########################################################1                                                                                                                     | 687/2105 [06:55<13:46,  1.72it/s][A
Iteration:  33%|#########################################################1                                                                                                                     | 688/2105 [06:56<13:45,  1.72it/s][A
Iteration:  33%|#########################################################2                                                                                                                     | 689/2105 [06:57<13:44,  1.72it/s][A
Iteration:  33%|#########################################################3                                                                                                                     | 690/2105 [06:57<13:44,  1.72it/s][A
Iteration:  33%|#########################################################4                                                                                                                     | 691/2105 [06:58<13:43,  1.72it/s][A
Iteration:  33%|#########################################################5                                                                                                                     | 692/2105 [06:58<13:43,  1.72it/s][A
Iteration:  33%|#########################################################6                                                                                                                     | 693/2105 [06:59<13:42,  1.72it/s][A
Iteration:  33%|#########################################################6                                                                                                                     | 694/2105 [06:59<13:42,  1.72it/s][A
Iteration:  33%|#########################################################7                                                                                                                     | 695/2105 [07:00<13:41,  1.72it/s][A
Iteration:  33%|#########################################################8                                                                                                                     | 696/2105 [07:01<13:40,  1.72it/s][A
Iteration:  33%|#########################################################9                                                                                                                     | 697/2105 [07:01<13:40,  1.72it/s][A
Iteration:  33%|##########################################################                                                                                                                     | 698/2105 [07:02<13:39,  1.72it/s][A
Iteration:  33%|##########################################################1                                                                                                                    | 699/2105 [07:02<13:39,  1.72it/s][A
Iteration:  33%|##########################################################1                                                                                                                    | 700/2105 [07:03<13:38,  1.72it/s][A
Iteration:  33%|##########################################################2                                                                                                                    | 701/2105 [07:04<13:38,  1.72it/s][A
Iteration:  33%|##########################################################3                                                                                                                    | 702/2105 [07:04<13:37,  1.72it/s][A